ID,Name,Description,Nexus_File
1,char_0_,,data.nex
2,char_1_,,data.nex
3,char_2_thou,,data.nex
4,char_3_thou,,data.nex
5,char_4_we,,data.nex
6,char_5_we,,data.nex
7,char_6_we,,data.nex
8,char_7_this,,data.nex
9,char_8_this,,data.nex
10,char_9_this,,data.nex
11,char_10_this,,data.nex
12,char_11_that,,data.nex
13,char_12_that,,data.nex
14,char_13_that,,data.nex
15,char_14_who,,data.nex
16,char_15_who,,data.nex
17,char_16_who,,data.nex
18,char_17_who,,data.nex
19,char_18_who,,data.nex
20,char_19_what,,data.nex
21,char_20_what,,data.nex
22,char_21_not,,data.nex
23,char_22_not,,data.nex
24,char_23_not,,data.nex
25,char_24_not,,data.nex
26,char_25_not,,data.nex
27,char_26_not,,data.nex
28,char_27_not,,data.nex
29,char_28_not,,data.nex
30,char_29_not,,data.nex
31,char_30_not,,data.nex
32,char_31_all,,data.nex
33,char_32_all,,data.nex
34,char_33_all,,data.nex
35,char_34_all,,data.nex
36,char_35_all,,data.nex
37,char_36_all,,data.nex
38,char_37_all,,data.nex
39,char_38_all,,data.nex
40,char_39_all,,data.nex
41,char_40_all,,data.nex
42,char_41_all,,data.nex
43,char_42_all,,data.nex
44,char_43_all,,data.nex
45,char_44_all,,data.nex
46,char_45_all,,data.nex
47,char_46_all,,data.nex
48,char_47_many,,data.nex
49,char_48_many,,data.nex
50,char_49_many,,data.nex
51,char_50_many,,data.nex
52,char_51_many,,data.nex
53,char_52_many,,data.nex
54,char_53_many,,data.nex
55,char_54_many,,data.nex
56,char_55_many,,data.nex
57,char_56_many,,data.nex
58,char_57_many,,data.nex
59,char_58_many,,data.nex
60,char_59_many,,data.nex
61,char_60_many,,data.nex
62,char_61_many,,data.nex
63,char_62_many,,data.nex
64,char_63_many,,data.nex
65,char_64_many,,data.nex
66,char_65_many,,data.nex
67,char_66_many,,data.nex
68,char_67_one,,data.nex
69,char_68_one,,data.nex
70,char_69_one,,data.nex
71,char_70_two,,data.nex
72,char_71_two,,data.nex
73,char_72_two,,data.nex
74,char_73_two,,data.nex
75,char_74_two,,data.nex
76,char_75_two,,data.nex
77,char_76_big,,data.nex
78,char_77_big,,data.nex
79,char_78_big,,data.nex
80,char_79_big,,data.nex
81,char_80_big,,data.nex
82,char_81_big,,data.nex
83,char_82_big,,data.nex
84,char_83_big,,data.nex
85,char_84_big,,data.nex
86,char_85_big,,data.nex
87,char_86_big,,data.nex
88,char_87_long,,data.nex
89,char_88_long,,data.nex
90,char_89_long,,data.nex
91,char_90_long,,data.nex
92,char_91_long,,data.nex
93,char_92_long,,data.nex
94,char_93_long,,data.nex
95,char_94_long,,data.nex
96,char_95_small,,data.nex
97,char_96_small,,data.nex
98,char_97_small,,data.nex
99,char_98_small,,data.nex
100,char_99_small,,data.nex
101,char_100_small,,data.nex
102,char_101_small,,data.nex
103,char_102_small,,data.nex
104,char_103_small,,data.nex
105,char_104_small,,data.nex
106,char_105_small,,data.nex
107,char_106_woman,,data.nex
108,char_107_woman,,data.nex
109,char_108_woman,,data.nex
110,char_109_woman,,data.nex
111,char_110_woman,,data.nex
112,char_111_woman,,data.nex
113,char_112_woman,,data.nex
114,char_113_woman,,data.nex
115,char_114_woman,,data.nex
116,char_115_woman,,data.nex
117,char_116_woman,,data.nex
118,char_117_woman,,data.nex
119,char_118_woman,,data.nex
120,char_119_woman,,data.nex
121,char_120_woman,,data.nex
122,char_121_woman,,data.nex
123,char_122_woman,,data.nex
124,char_123_woman,,data.nex
125,char_124_woman,,data.nex
126,char_125_man,,data.nex
127,char_126_man,,data.nex
128,char_127_man,,data.nex
129,char_128_man,,data.nex
130,char_129_man,,data.nex
131,char_130_man,,data.nex
132,char_131_man,,data.nex
133,char_132_man,,data.nex
134,char_133_man,,data.nex
135,char_134_man,,data.nex
136,char_135_man,,data.nex
137,char_136_man,,data.nex
138,char_137_man,,data.nex
139,char_138_man,,data.nex
140,char_139_man,,data.nex
141,char_140_man,,data.nex
142,char_141_man,,data.nex
143,char_142_man,,data.nex
144,char_143_man,,data.nex
145,char_144_person,,data.nex
146,char_145_person,,data.nex
147,char_146_person,,data.nex
148,char_147_person,,data.nex
149,char_148_person,,data.nex
150,char_149_person,,data.nex
151,char_150_person,,data.nex
152,char_151_person,,data.nex
153,char_152_bird,,data.nex
154,char_153_bird,,data.nex
155,char_154_bird,,data.nex
156,char_155_bird,,data.nex
157,char_156_bird,,data.nex
158,char_157_bird,,data.nex
159,char_158_bird,,data.nex
160,char_159_bird,,data.nex
161,char_160_bird,,data.nex
162,char_161_bird,,data.nex
163,char_162_dog,,data.nex
164,char_163_dog,,data.nex
165,char_164_dog,,data.nex
166,char_165_dog,,data.nex
167,char_166_dog,,data.nex
168,char_167_dog,,data.nex
169,char_168_louse,,data.nex
170,char_169_louse,,data.nex
171,char_170_louse,,data.nex
172,char_171_louse,,data.nex
173,char_172_louse,,data.nex
174,char_173_louse,,data.nex
175,char_174_louse,,data.nex
176,char_175_tree,,data.nex
177,char_176_tree,,data.nex
178,char_177_tree,,data.nex
179,char_178_tree,,data.nex
180,char_179_tree,,data.nex
181,char_180_tree,,data.nex
182,char_181_seed,,data.nex
183,char_182_seed,,data.nex
184,char_183_seed,,data.nex
185,char_184_seed,,data.nex
186,char_185_seed,,data.nex
187,char_186_seed,,data.nex
188,char_187_seed,,data.nex
189,char_188_leaf,,data.nex
190,char_189_leaf,,data.nex
191,char_190_leaf,,data.nex
192,char_191_leaf,,data.nex
193,char_192_leaf,,data.nex
194,char_193_leaf,,data.nex
195,char_194_leaf,,data.nex
196,char_195_leaf,,data.nex
197,char_196_leaf,,data.nex
198,char_197_root,,data.nex
199,char_198_root,,data.nex
200,char_199_root,,data.nex
201,char_200_root,,data.nex
202,char_201_root,,data.nex
203,char_202_root,,data.nex
204,char_203_root,,data.nex
205,char_204_bark,,data.nex
206,char_205_bark,,data.nex
207,char_206_bark,,data.nex
208,char_207_bark,,data.nex
209,char_208_bark,,data.nex
210,char_209_bark,,data.nex
211,char_210_bark,,data.nex
212,char_211_bark,,data.nex
213,char_212_bark,,data.nex
214,char_213_bark,,data.nex
215,char_214_bark,,data.nex
216,char_215_bark,,data.nex
217,char_216_bark,,data.nex
218,char_217_bark,,data.nex
219,char_218_bark,,data.nex
220,char_219_skin,,data.nex
221,char_220_skin,,data.nex
222,char_221_skin,,data.nex
223,char_222_skin,,data.nex
224,char_223_skin,,data.nex
225,char_224_skin,,data.nex
226,char_225_meat,,data.nex
227,char_226_meat,,data.nex
228,char_227_meat,,data.nex
229,char_228_meat,,data.nex
230,char_229_meat,,data.nex
231,char_230_meat,,data.nex
232,char_231_meat,,data.nex
233,char_232_meat,,data.nex
234,char_233_meat,,data.nex
235,char_234_meat,,data.nex
236,char_235_meat,,data.nex
237,char_236_meat,,data.nex
238,char_237_meat,,data.nex
239,char_238_meat,,data.nex
240,char_239_blood,,data.nex
241,char_240_blood,,data.nex
242,char_241_blood,,data.nex
243,char_242_blood,,data.nex
244,char_243_blood,,data.nex
245,char_244_blood,,data.nex
246,char_245_blood,,data.nex
247,char_246_bone,,data.nex
248,char_247_bone,,data.nex
249,char_248_bone,,data.nex
250,char_249_bone,,data.nex
251,char_250_bone,,data.nex
252,char_251_bone,,data.nex
253,char_252_bone,,data.nex
254,char_253_bone,,data.nex
255,char_254_fat,,data.nex
256,char_255_fat,,data.nex
257,char_256_fat,,data.nex
258,char_257_fat,,data.nex
259,char_258_fat,,data.nex
260,char_259_fat,,data.nex
261,char_260_fat,,data.nex
262,char_261_fat,,data.nex
263,char_262_fat,,data.nex
264,char_263_fire,,data.nex
265,char_264_fire,,data.nex
266,char_265_fire,,data.nex
267,char_266_fire,,data.nex
268,char_267_fire,,data.nex
269,char_268_fire,,data.nex
270,char_269_fire,,data.nex
271,char_270_fire,,data.nex
272,char_271_fire,,data.nex
273,char_272_fire,,data.nex
274,char_273_fire,,data.nex
275,char_274_fire,,data.nex
276,char_275_egg,,data.nex
277,char_276_egg,,data.nex
278,char_277_egg,,data.nex
279,char_278_egg,,data.nex
280,char_279_egg,,data.nex
281,char_280_egg,,data.nex
282,char_281_egg,,data.nex
283,char_282_egg,,data.nex
284,char_283_egg,,data.nex
285,char_284_egg,,data.nex
286,char_285_egg,,data.nex
287,char_286_egg,,data.nex
288,char_287_egg,,data.nex
289,char_288_horn,,data.nex
290,char_289_horn,,data.nex
291,char_290_horn,,data.nex
292,char_291_horn,,data.nex
293,char_292_horn,,data.nex
294,char_293_horn,,data.nex
295,char_294_tail,,data.nex
296,char_295_tail,,data.nex
297,char_296_tail,,data.nex
298,char_297_tail,,data.nex
299,char_298_tail,,data.nex
300,char_299_tail,,data.nex
301,char_300_tail,,data.nex
302,char_301_feather,,data.nex
303,char_302_feather,,data.nex
304,char_303_feather,,data.nex
305,char_304_feather,,data.nex
306,char_305_feather,,data.nex
307,char_306_feather,,data.nex
308,char_307_feather,,data.nex
309,char_308_feather,,data.nex
310,char_309_feather,,data.nex
311,char_310_feather,,data.nex
312,char_311_feather,,data.nex
313,char_312_feather,,data.nex
314,char_313_feather,,data.nex
315,char_314_fish,,data.nex
316,char_315_fish,,data.nex
317,char_316_fish,,data.nex
318,char_317_fish,,data.nex
319,char_318_fish,,data.nex
320,char_319_fish,,data.nex
321,char_320_fish,,data.nex
322,char_321_hair,,data.nex
323,char_322_hair,,data.nex
324,char_323_hair,,data.nex
325,char_324_hair,,data.nex
326,char_325_hair,,data.nex
327,char_326_hair,,data.nex
328,char_327_hair,,data.nex
329,char_328_hair,,data.nex
330,char_329_hair,,data.nex
331,char_330_hair,,data.nex
332,char_331_hair,,data.nex
333,char_332_hair,,data.nex
334,char_333_hair,,data.nex
335,char_334_hair,,data.nex
336,char_335_head,,data.nex
337,char_336_head,,data.nex
338,char_337_head,,data.nex
339,char_338_head,,data.nex
340,char_339_head,,data.nex
341,char_340_head,,data.nex
342,char_341_ear,,data.nex
343,char_342_ear,,data.nex
344,char_343_ear,,data.nex
345,char_344_ear,,data.nex
346,char_345_eye,,data.nex
347,char_346_eye,,data.nex
348,char_347_eye,,data.nex
349,char_348_eye,,data.nex
350,char_349_claw,,data.nex
351,char_350_claw,,data.nex
352,char_351_claw,,data.nex
353,char_352_claw,,data.nex
354,char_353_claw,,data.nex
355,char_354_claw,,data.nex
356,char_355_claw,,data.nex
357,char_356_nose,,data.nex
358,char_357_nose,,data.nex
359,char_358_nose,,data.nex
360,char_359_nose,,data.nex
361,char_360_nose,,data.nex
362,char_361_nose,,data.nex
363,char_362_mouth,,data.nex
364,char_363_mouth,,data.nex
365,char_364_mouth,,data.nex
366,char_365_mouth,,data.nex
367,char_366_mouth,,data.nex
368,char_367_mouth,,data.nex
369,char_368_mouth,,data.nex
370,char_369_mouth,,data.nex
371,char_370_mouth,,data.nex
372,char_371_tooth,,data.nex
373,char_372_tooth,,data.nex
374,char_373_tooth,,data.nex
375,char_374_tooth,,data.nex
376,char_375_tongue,,data.nex
377,char_376_tongue,,data.nex
378,char_377_tongue,,data.nex
379,char_378_tongue,,data.nex
380,char_379_tongue,,data.nex
381,char_380_foot,,data.nex
382,char_381_foot,,data.nex
383,char_382_foot,,data.nex
384,char_383_foot,,data.nex
385,char_384_foot,,data.nex
386,char_385_foot,,data.nex
387,char_386_foot,,data.nex
388,char_387_foot,,data.nex
389,char_388_foot,,data.nex
390,char_389_foot,,data.nex
391,char_390_knee,,data.nex
392,char_391_knee,,data.nex
393,char_392_knee,,data.nex
394,char_393_knee,,data.nex
395,char_394_knee,,data.nex
396,char_395_knee,,data.nex
397,char_396_knee,,data.nex
398,char_397_knee,,data.nex
399,char_398_knee,,data.nex
400,char_399_knee,,data.nex
401,char_400_hand,,data.nex
402,char_401_hand,,data.nex
403,char_402_hand,,data.nex
404,char_403_hand,,data.nex
405,char_404_belly,,data.nex
406,char_405_belly,,data.nex
407,char_406_belly,,data.nex
408,char_407_belly,,data.nex
409,char_408_belly,,data.nex
410,char_409_belly,,data.nex
411,char_410_belly,,data.nex
412,char_411_belly,,data.nex
413,char_412_belly,,data.nex
414,char_413_belly,,data.nex
415,char_414_belly,,data.nex
416,char_415_belly,,data.nex
417,char_416_neck,,data.nex
418,char_417_neck,,data.nex
419,char_418_neck,,data.nex
420,char_419_neck,,data.nex
421,char_420_neck,,data.nex
422,char_421_neck,,data.nex
423,char_422_neck,,data.nex
424,char_423_neck,,data.nex
425,char_424_neck,,data.nex
426,char_425_neck,,data.nex
427,char_426_neck,,data.nex
428,char_427_neck,,data.nex
429,char_428_neck,,data.nex
430,char_429_breast,,data.nex
431,char_430_breast,,data.nex
432,char_431_breast,,data.nex
433,char_432_breast,,data.nex
434,char_433_breast,,data.nex
435,char_434_breast,,data.nex
436,char_435_breast,,data.nex
437,char_436_breast,,data.nex
438,char_437_breast,,data.nex
439,char_438_breast,,data.nex
440,char_439_breast,,data.nex
441,char_440_breast,,data.nex
442,char_441_breast,,data.nex
443,char_442_breast,,data.nex
444,char_443_breast,,data.nex
445,char_444_breast,,data.nex
446,char_445_heart,,data.nex
447,char_446_heart,,data.nex
448,char_447_heart,,data.nex
449,char_448_heart,,data.nex
450,char_449_heart,,data.nex
451,char_450_heart,,data.nex
452,char_451_heart,,data.nex
453,char_452_heart,,data.nex
454,char_453_heart,,data.nex
455,char_454_heart,,data.nex
456,char_455_heart,,data.nex
457,char_456_liver,,data.nex
458,char_457_liver,,data.nex
459,char_458_liver,,data.nex
460,char_459_liver,,data.nex
461,char_460_liver,,data.nex
462,char_461_liver,,data.nex
463,char_462_liver,,data.nex
464,char_463_liver,,data.nex
465,char_464_liver,,data.nex
466,char_465_liver,,data.nex
467,char_466_liver,,data.nex
468,char_467_drink,,data.nex
469,char_468_drink,,data.nex
470,char_469_drink,,data.nex
471,char_470_drink,,data.nex
472,char_471_drink,,data.nex
473,char_472_drink,,data.nex
474,char_473_eat,,data.nex
475,char_474_eat,,data.nex
476,char_475_eat,,data.nex
477,char_476_eat,,data.nex
478,char_477_eat,,data.nex
479,char_478_eat,,data.nex
480,char_479_eat,,data.nex
481,char_480_eat,,data.nex
482,char_481_eat,,data.nex
483,char_482_eat,,data.nex
484,char_483_bite,,data.nex
485,char_484_bite,,data.nex
486,char_485_bite,,data.nex
487,char_486_bite,,data.nex
488,char_487_bite,,data.nex
489,char_488_bite,,data.nex
490,char_489_bite,,data.nex
491,char_490_bite,,data.nex
492,char_491_see,,data.nex
493,char_492_see,,data.nex
494,char_493_see,,data.nex
495,char_494_see,,data.nex
496,char_495_see,,data.nex
497,char_496_see,,data.nex
498,char_497_see,,data.nex
499,char_498_see,,data.nex
500,char_499_see,,data.nex
501,char_500_see,,data.nex
502,char_501_see,,data.nex
503,char_502_hear,,data.nex
504,char_503_hear,,data.nex
505,char_504_hear,,data.nex
506,char_505_hear,,data.nex
507,char_506_know,,data.nex
508,char_507_know,,data.nex
509,char_508_know,,data.nex
510,char_509_know,,data.nex
511,char_510_know,,data.nex
512,char_511_know,,data.nex
513,char_512_know,,data.nex
514,char_513_know,,data.nex
515,char_514_know,,data.nex
516,char_515_know,,data.nex
517,char_516_know,,data.nex
518,char_517_know,,data.nex
519,char_518_know,,data.nex
520,char_519_sleep,,data.nex
521,char_520_sleep,,data.nex
522,char_521_sleep,,data.nex
523,char_522_sleep,,data.nex
524,char_523_sleep,,data.nex
525,char_524_sleep,,data.nex
526,char_525_sleep,,data.nex
527,char_526_sleep,,data.nex
528,char_527_sleep,,data.nex
529,char_528_sleep,,data.nex
530,char_529_sleep,,data.nex
531,char_530_sleep,,data.nex
532,char_531_die,,data.nex
533,char_532_die,,data.nex
534,char_533_die,,data.nex
535,char_534_die,,data.nex
536,char_535_die,,data.nex
537,char_536_die,,data.nex
538,char_537_die,,data.nex
539,char_538_kill,,data.nex
540,char_539_kill,,data.nex
541,char_540_kill,,data.nex
542,char_541_kill,,data.nex
543,char_542_kill,,data.nex
544,char_543_kill,,data.nex
545,char_544_kill,,data.nex
546,char_545_kill,,data.nex
547,char_546_kill,,data.nex
548,char_547_kill,,data.nex
549,char_548_kill,,data.nex
550,char_549_kill,,data.nex
551,char_550_swim,,data.nex
552,char_551_swim,,data.nex
553,char_552_swim,,data.nex
554,char_553_swim,,data.nex
555,char_554_swim,,data.nex
556,char_555_swim,,data.nex
557,char_556_swim,,data.nex
558,char_557_swim,,data.nex
559,char_558_swim,,data.nex
560,char_559_swim,,data.nex
561,char_560_fly,,data.nex
562,char_561_fly,,data.nex
563,char_562_fly,,data.nex
564,char_563_fly,,data.nex
565,char_564_fly,,data.nex
566,char_565_fly,,data.nex
567,char_566_fly,,data.nex
568,char_567_fly,,data.nex
569,char_568_walk,,data.nex
570,char_569_walk,,data.nex
571,char_570_walk,,data.nex
572,char_571_walk,,data.nex
573,char_572_walk,,data.nex
574,char_573_walk,,data.nex
575,char_574_come,,data.nex
576,char_575_come,,data.nex
577,char_576_lie,,data.nex
578,char_577_lie,,data.nex
579,char_578_lie,,data.nex
580,char_579_lie,,data.nex
581,char_580_lie,,data.nex
582,char_581_lie,,data.nex
583,char_582_lie,,data.nex
584,char_583_lie,,data.nex
585,char_584_lie,,data.nex
586,char_585_lie,,data.nex
587,char_586_lie,,data.nex
588,char_587_lie,,data.nex
589,char_588_lie,,data.nex
590,char_589_lie,,data.nex
591,char_590_sit,,data.nex
592,char_591_sit,,data.nex
593,char_592_sit,,data.nex
594,char_593_sit,,data.nex
595,char_594_sit,,data.nex
596,char_595_sit,,data.nex
597,char_596_sit,,data.nex
598,char_597_sit,,data.nex
599,char_598_sit,,data.nex
600,char_599_sit,,data.nex
601,char_600_sit,,data.nex
602,char_601_stand,,data.nex
603,char_602_stand,,data.nex
604,char_603_stand,,data.nex
605,char_604_stand,,data.nex
606,char_605_stand,,data.nex
607,char_606_stand,,data.nex
608,char_607_stand,,data.nex
609,char_608_give,,data.nex
610,char_609_give,,data.nex
611,char_610_give,,data.nex
612,char_611_give,,data.nex
613,char_612_say,,data.nex
614,char_613_say,,data.nex
615,char_614_say,,data.nex
616,char_615_say,,data.nex
617,char_616_say,,data.nex
618,char_617_say,,data.nex
619,char_618_say,,data.nex
620,char_619_say,,data.nex
621,char_620_say,,data.nex
622,char_621_say,,data.nex
623,char_622_say,,data.nex
624,char_623_say,,data.nex
625,char_624_say,,data.nex
626,char_625_say,,data.nex
627,char_626_say,,data.nex
628,char_627_sun,,data.nex
629,char_628_sun,,data.nex
630,char_629_sun,,data.nex
631,char_630_sun,,data.nex
632,char_631_sun,,data.nex
633,char_632_sun,,data.nex
634,char_633_sun,,data.nex
635,char_634_moon,,data.nex
636,char_635_moon,,data.nex
637,char_636_moon,,data.nex
638,char_637_moon,,data.nex
639,char_638_moon,,data.nex
640,char_639_moon,,data.nex
641,char_640_moon,,data.nex
642,char_641_moon,,data.nex
643,char_642_star,,data.nex
644,char_643_star,,data.nex
645,char_644_star,,data.nex
646,char_645_star,,data.nex
647,char_646_star,,data.nex
648,char_647_star,,data.nex
649,char_648_star,,data.nex
650,char_649_water,,data.nex
651,char_650_water,,data.nex
652,char_651_water,,data.nex
653,char_652_water,,data.nex
654,char_653_water,,data.nex
655,char_654_water,,data.nex
656,char_655_water,,data.nex
657,char_656_water,,data.nex
658,char_657_rain,,data.nex
659,char_658_rain,,data.nex
660,char_659_rain,,data.nex
661,char_660_rain,,data.nex
662,char_661_rain,,data.nex
663,char_662_rain,,data.nex
664,char_663_rain,,data.nex
665,char_664_rain,,data.nex
666,char_665_stone,,data.nex
667,char_666_stone,,data.nex
668,char_667_stone,,data.nex
669,char_668_stone,,data.nex
670,char_669_stone,,data.nex
671,char_670_stone,,data.nex
672,char_671_stone,,data.nex
673,char_672_stone,,data.nex
674,char_673_sand,,data.nex
675,char_674_sand,,data.nex
676,char_675_sand,,data.nex
677,char_676_sand,,data.nex
678,char_677_sand,,data.nex
679,char_678_sand,,data.nex
680,char_679_sand,,data.nex
681,char_680_sand,,data.nex
682,char_681_earth,,data.nex
683,char_682_earth,,data.nex
684,char_683_earth,,data.nex
685,char_684_earth,,data.nex
686,char_685_earth,,data.nex
687,char_686_earth,,data.nex
688,char_687_earth,,data.nex
689,char_688_earth,,data.nex
690,char_689_earth,,data.nex
691,char_690_cloud,,data.nex
692,char_691_cloud,,data.nex
693,char_692_cloud,,data.nex
694,char_693_cloud,,data.nex
695,char_694_cloud,,data.nex
696,char_695_cloud,,data.nex
697,char_696_cloud,,data.nex
698,char_697_cloud,,data.nex
699,char_698_cloud,,data.nex
700,char_699_cloud,,data.nex
701,char_700_cloud,,data.nex
702,char_701_smoke,,data.nex
703,char_702_smoke,,data.nex
704,char_703_smoke,,data.nex
705,char_704_smoke,,data.nex
706,char_705_ashes,,data.nex
707,char_706_ashes,,data.nex
708,char_707_ashes,,data.nex
709,char_708_ashes,,data.nex
710,char_709_ashes,,data.nex
711,char_710_ashes,,data.nex
712,char_711_ashes,,data.nex
713,char_712_ashes,,data.nex
714,char_713_burn,,data.nex
715,char_714_burn,,data.nex
716,char_715_burn,,data.nex
717,char_716_burn,,data.nex
718,char_717_burn,,data.nex
719,char_718_burn,,data.nex
720,char_719_burn,,data.nex
721,char_720_burn,,data.nex
722,char_721_burn,,data.nex
723,char_722_burn,,data.nex
724,char_723_burn,,data.nex
725,char_724_burn,,data.nex
726,char_725_burn,,data.nex
727,char_726_road,,data.nex
728,char_727_road,,data.nex
729,char_728_road,,data.nex
730,char_729_road,,data.nex
731,char_730_road,,data.nex
732,char_731_road,,data.nex
733,char_732_road,,data.nex
734,char_733_road,,data.nex
735,char_734_road,,data.nex
736,char_735_road,,data.nex
737,char_736_road,,data.nex
738,char_737_road,,data.nex
739,char_738_mountain,,data.nex
740,char_739_mountain,,data.nex
741,char_740_mountain,,data.nex
742,char_741_mountain,,data.nex
743,char_742_mountain,,data.nex
744,char_743_mountain,,data.nex
745,char_744_mountain,,data.nex
746,char_745_mountain,,data.nex
747,char_746_mountain,,data.nex
748,char_747_mountain,,data.nex
749,char_748_mountain,,data.nex
750,char_749_mountain,,data.nex
751,char_750_mountain,,data.nex
752,char_751_mountain,,data.nex
753,char_752_red,,data.nex
754,char_753_red,,data.nex
755,char_754_red,,data.nex
756,char_755_red,,data.nex
757,char_756_red,,data.nex
758,char_757_red,,data.nex
759,char_758_green,,data.nex
760,char_759_green,,data.nex
761,char_760_green,,data.nex
762,char_761_green,,data.nex
763,char_762_green,,data.nex
764,char_763_green,,data.nex
765,char_764_green,,data.nex
766,char_765_green,,data.nex
767,char_766_green,,data.nex
768,char_767_yellow,,data.nex
769,char_768_yellow,,data.nex
770,char_769_yellow,,data.nex
771,char_770_yellow,,data.nex
772,char_771_yellow,,data.nex
773,char_772_yellow,,data.nex
774,char_773_yellow,,data.nex
775,char_774_yellow,,data.nex
776,char_775_yellow,,data.nex
777,char_776_yellow,,data.nex
778,char_777_yellow,,data.nex
779,char_778_yellow,,data.nex
780,char_779_white,,data.nex
781,char_780_white,,data.nex
782,char_781_white,,data.nex
783,char_782_white,,data.nex
784,char_783_white,,data.nex
785,char_784_white,,data.nex
786,char_785_white,,data.nex
787,char_786_white,,data.nex
788,char_787_white,,data.nex
789,char_788_black,,data.nex
790,char_789_black,,data.nex
791,char_790_black,,data.nex
792,char_791_black,,data.nex
793,char_792_black,,data.nex
794,char_793_black,,data.nex
795,char_794_black,,data.nex
796,char_795_black,,data.nex
797,char_796_night,,data.nex
798,char_797_night,,data.nex
799,char_798_night,,data.nex
800,char_799_night,,data.nex
801,char_800_night,,data.nex
802,char_801_night,,data.nex
803,char_802_night,,data.nex
804,char_803_night,,data.nex
805,char_804_night,,data.nex
806,char_805_night,,data.nex
807,char_806_night,,data.nex
808,char_807_night,,data.nex
809,char_808_warm,,data.nex
810,char_809_warm,,data.nex
811,char_810_warm,,data.nex
812,char_811_warm,,data.nex
813,char_812_warm,,data.nex
814,char_813_warm,,data.nex
815,char_814_warm,,data.nex
816,char_815_warm,,data.nex
817,char_816_warm,,data.nex
818,char_817_warm,,data.nex
819,char_818_cold,,data.nex
820,char_819_cold,,data.nex
821,char_820_cold,,data.nex
822,char_821_cold,,data.nex
823,char_822_cold,,data.nex
824,char_823_cold,,data.nex
825,char_824_cold,,data.nex
826,char_825_cold,,data.nex
827,char_826_cold,,data.nex
828,char_827_cold,,data.nex
829,char_828_full,,data.nex
830,char_829_full,,data.nex
831,char_830_full,,data.nex
832,char_831_full,,data.nex
833,char_832_full,,data.nex
834,char_833_full,,data.nex
835,char_834_full,,data.nex
836,char_835_full,,data.nex
837,char_836_full,,data.nex
838,char_837_new,,data.nex
839,char_838_new,,data.nex
840,char_839_new,,data.nex
841,char_840_new,,data.nex
842,char_841_new,,data.nex
843,char_842_new,,data.nex
844,char_843_good,,data.nex
845,char_844_good,,data.nex
846,char_845_good,,data.nex
847,char_846_good,,data.nex
848,char_847_good,,data.nex
849,char_848_good,,data.nex
850,char_849_good,,data.nex
851,char_850_good,,data.nex
852,char_851_good,,data.nex
853,char_852_good,,data.nex
854,char_853_good,,data.nex
855,char_854_good,,data.nex
856,char_855_good,,data.nex
857,char_856_round,,data.nex
858,char_857_round,,data.nex
859,char_858_round,,data.nex
860,char_859_round,,data.nex
861,char_860_round,,data.nex
862,char_861_round,,data.nex
863,char_862_round,,data.nex
864,char_863_round,,data.nex
865,char_864_dry,,data.nex
866,char_865_dry,,data.nex
867,char_866_dry,,data.nex
868,char_867_dry,,data.nex
869,char_868_dry,,data.nex
870,char_869_dry,,data.nex
871,char_870_dry,,data.nex
872,char_871_dry,,data.nex
873,char_872_dry,,data.nex
874,char_873_dry,,data.nex
875,char_874_name,,data.nex
876,char_875_name,,data.nex
877,char_876_name,,data.nex
