ID,Name,Nexus_File,rooted,type,method,scaling,Source
summary,TREE1,summary.trees,,summary,bayesian,years,Kolipakam2018
posterior-1,STATE_61835000,posterior.trees,,sample,bayesian,years,Kolipakam2018
posterior-2,STATE_58930000,posterior.trees,,sample,bayesian,years,Kolipakam2018
posterior-3,STATE_33530000,posterior.trees,,sample,bayesian,years,Kolipakam2018
posterior-4,STATE_93375000,posterior.trees,,sample,bayesian,years,Kolipakam2018
posterior-5,STATE_92670000,posterior.trees,,sample,bayesian,years,Kolipakam2018
posterior-6,STATE_29375000,posterior.trees,,sample,bayesian,years,Kolipakam2018
posterior-7,STATE_46170000,posterior.trees,,sample,bayesian,years,Kolipakam2018
posterior-8,STATE_73610000,posterior.trees,,sample,bayesian,years,Kolipakam2018
posterior-9,STATE_28250000,posterior.trees,,sample,bayesian,years,Kolipakam2018
posterior-10,STATE_95925000,posterior.trees,,sample,bayesian,years,Kolipakam2018
posterior-11,STATE_76205000,posterior.trees,,sample,bayesian,years,Kolipakam2018
posterior-12,STATE_92290000,posterior.trees,,sample,bayesian,years,Kolipakam2018
posterior-13,STATE_35565000,posterior.trees,,sample,bayesian,years,Kolipakam2018
posterior-14,STATE_20830000,posterior.trees,,sample,bayesian,years,Kolipakam2018
posterior-15,STATE_85815000,posterior.trees,,sample,bayesian,years,Kolipakam2018
posterior-16,STATE_37045000,posterior.trees,,sample,bayesian,years,Kolipakam2018
posterior-17,STATE_20330000,posterior.trees,,sample,bayesian,years,Kolipakam2018
posterior-18,STATE_84490000,posterior.trees,,sample,bayesian,years,Kolipakam2018
posterior-19,STATE_60925000,posterior.trees,,sample,bayesian,years,Kolipakam2018
posterior-20,STATE_69570000,posterior.trees,,sample,bayesian,years,Kolipakam2018
posterior-21,STATE_46255000,posterior.trees,,sample,bayesian,years,Kolipakam2018
posterior-22,STATE_15885000,posterior.trees,,sample,bayesian,years,Kolipakam2018
posterior-23,STATE_79850000,posterior.trees,,sample,bayesian,years,Kolipakam2018
posterior-24,STATE_30640000,posterior.trees,,sample,bayesian,years,Kolipakam2018
posterior-25,STATE_70150000,posterior.trees,,sample,bayesian,years,Kolipakam2018
posterior-26,STATE_66540000,posterior.trees,,sample,bayesian,years,Kolipakam2018
posterior-27,STATE_37185000,posterior.trees,,sample,bayesian,years,Kolipakam2018
posterior-28,STATE_93255000,posterior.trees,,sample,bayesian,years,Kolipakam2018
posterior-29,STATE_46315000,posterior.trees,,sample,bayesian,years,Kolipakam2018
posterior-30,STATE_15290000,posterior.trees,,sample,bayesian,years,Kolipakam2018
posterior-31,STATE_42570000,posterior.trees,,sample,bayesian,years,Kolipakam2018
posterior-32,STATE_29880000,posterior.trees,,sample,bayesian,years,Kolipakam2018
posterior-33,STATE_36170000,posterior.trees,,sample,bayesian,years,Kolipakam2018
posterior-34,STATE_82070000,posterior.trees,,sample,bayesian,years,Kolipakam2018
posterior-35,STATE_67215000,posterior.trees,,sample,bayesian,years,Kolipakam2018
posterior-36,STATE_92540000,posterior.trees,,sample,bayesian,years,Kolipakam2018
posterior-37,STATE_80885000,posterior.trees,,sample,bayesian,years,Kolipakam2018
posterior-38,STATE_92805000,posterior.trees,,sample,bayesian,years,Kolipakam2018
posterior-39,STATE_15800000,posterior.trees,,sample,bayesian,years,Kolipakam2018
posterior-40,STATE_29145000,posterior.trees,,sample,bayesian,years,Kolipakam2018
posterior-41,STATE_93365000,posterior.trees,,sample,bayesian,years,Kolipakam2018
posterior-42,STATE_27650000,posterior.trees,,sample,bayesian,years,Kolipakam2018
posterior-43,STATE_23430000,posterior.trees,,sample,bayesian,years,Kolipakam2018
posterior-44,STATE_20930000,posterior.trees,,sample,bayesian,years,Kolipakam2018
posterior-45,STATE_70620000,posterior.trees,,sample,bayesian,years,Kolipakam2018
posterior-46,STATE_21080000,posterior.trees,,sample,bayesian,years,Kolipakam2018
posterior-47,STATE_37865000,posterior.trees,,sample,bayesian,years,Kolipakam2018
posterior-48,STATE_51625000,posterior.trees,,sample,bayesian,years,Kolipakam2018
posterior-49,STATE_79020000,posterior.trees,,sample,bayesian,years,Kolipakam2018
posterior-50,STATE_70685000,posterior.trees,,sample,bayesian,years,Kolipakam2018
posterior-51,STATE_28995000,posterior.trees,,sample,bayesian,years,Kolipakam2018
posterior-52,STATE_92325000,posterior.trees,,sample,bayesian,years,Kolipakam2018
posterior-53,STATE_38315000,posterior.trees,,sample,bayesian,years,Kolipakam2018
posterior-54,STATE_94885000,posterior.trees,,sample,bayesian,years,Kolipakam2018
posterior-55,STATE_81390000,posterior.trees,,sample,bayesian,years,Kolipakam2018
posterior-56,STATE_95090000,posterior.trees,,sample,bayesian,years,Kolipakam2018
posterior-57,STATE_79650000,posterior.trees,,sample,bayesian,years,Kolipakam2018
posterior-58,STATE_41620000,posterior.trees,,sample,bayesian,years,Kolipakam2018
posterior-59,STATE_30030000,posterior.trees,,sample,bayesian,years,Kolipakam2018
posterior-60,STATE_82370000,posterior.trees,,sample,bayesian,years,Kolipakam2018
posterior-61,STATE_47685000,posterior.trees,,sample,bayesian,years,Kolipakam2018
posterior-62,STATE_86725000,posterior.trees,,sample,bayesian,years,Kolipakam2018
posterior-63,STATE_28140000,posterior.trees,,sample,bayesian,years,Kolipakam2018
posterior-64,STATE_63395000,posterior.trees,,sample,bayesian,years,Kolipakam2018
posterior-65,STATE_99360000,posterior.trees,,sample,bayesian,years,Kolipakam2018
posterior-66,STATE_93450000,posterior.trees,,sample,bayesian,years,Kolipakam2018
posterior-67,STATE_56445000,posterior.trees,,sample,bayesian,years,Kolipakam2018
posterior-68,STATE_54140000,posterior.trees,,sample,bayesian,years,Kolipakam2018
posterior-69,STATE_85310000,posterior.trees,,sample,bayesian,years,Kolipakam2018
posterior-70,STATE_83825000,posterior.trees,,sample,bayesian,years,Kolipakam2018
posterior-71,STATE_53015000,posterior.trees,,sample,bayesian,years,Kolipakam2018
posterior-72,STATE_50830000,posterior.trees,,sample,bayesian,years,Kolipakam2018
posterior-73,STATE_54150000,posterior.trees,,sample,bayesian,years,Kolipakam2018
posterior-74,STATE_35095000,posterior.trees,,sample,bayesian,years,Kolipakam2018
posterior-75,STATE_42595000,posterior.trees,,sample,bayesian,years,Kolipakam2018
posterior-76,STATE_37350000,posterior.trees,,sample,bayesian,years,Kolipakam2018
posterior-77,STATE_38510000,posterior.trees,,sample,bayesian,years,Kolipakam2018
posterior-78,STATE_94460000,posterior.trees,,sample,bayesian,years,Kolipakam2018
posterior-79,STATE_17955000,posterior.trees,,sample,bayesian,years,Kolipakam2018
posterior-80,STATE_27080000,posterior.trees,,sample,bayesian,years,Kolipakam2018
posterior-81,STATE_66280000,posterior.trees,,sample,bayesian,years,Kolipakam2018
posterior-82,STATE_69740000,posterior.trees,,sample,bayesian,years,Kolipakam2018
posterior-83,STATE_58020000,posterior.trees,,sample,bayesian,years,Kolipakam2018
posterior-84,STATE_63475000,posterior.trees,,sample,bayesian,years,Kolipakam2018
posterior-85,STATE_72725000,posterior.trees,,sample,bayesian,years,Kolipakam2018
posterior-86,STATE_40815000,posterior.trees,,sample,bayesian,years,Kolipakam2018
posterior-87,STATE_52155000,posterior.trees,,sample,bayesian,years,Kolipakam2018
posterior-88,STATE_75080000,posterior.trees,,sample,bayesian,years,Kolipakam2018
posterior-89,STATE_40750000,posterior.trees,,sample,bayesian,years,Kolipakam2018
posterior-90,STATE_70860000,posterior.trees,,sample,bayesian,years,Kolipakam2018
posterior-91,STATE_62990000,posterior.trees,,sample,bayesian,years,Kolipakam2018
posterior-92,STATE_63420000,posterior.trees,,sample,bayesian,years,Kolipakam2018
posterior-93,STATE_81370000,posterior.trees,,sample,bayesian,years,Kolipakam2018
posterior-94,STATE_93485000,posterior.trees,,sample,bayesian,years,Kolipakam2018
posterior-95,STATE_60620000,posterior.trees,,sample,bayesian,years,Kolipakam2018
posterior-96,STATE_28170000,posterior.trees,,sample,bayesian,years,Kolipakam2018
posterior-97,STATE_47580000,posterior.trees,,sample,bayesian,years,Kolipakam2018
posterior-98,STATE_39510000,posterior.trees,,sample,bayesian,years,Kolipakam2018
posterior-99,STATE_82405000,posterior.trees,,sample,bayesian,years,Kolipakam2018
posterior-100,STATE_85755000,posterior.trees,,sample,bayesian,years,Kolipakam2018
posterior-101,STATE_32915000,posterior.trees,,sample,bayesian,years,Kolipakam2018
posterior-102,STATE_87725000,posterior.trees,,sample,bayesian,years,Kolipakam2018
posterior-103,STATE_75690000,posterior.trees,,sample,bayesian,years,Kolipakam2018
posterior-104,STATE_25350000,posterior.trees,,sample,bayesian,years,Kolipakam2018
posterior-105,STATE_56525000,posterior.trees,,sample,bayesian,years,Kolipakam2018
posterior-106,STATE_92145000,posterior.trees,,sample,bayesian,years,Kolipakam2018
posterior-107,STATE_64340000,posterior.trees,,sample,bayesian,years,Kolipakam2018
posterior-108,STATE_23180000,posterior.trees,,sample,bayesian,years,Kolipakam2018
posterior-109,STATE_55855000,posterior.trees,,sample,bayesian,years,Kolipakam2018
posterior-110,STATE_60890000,posterior.trees,,sample,bayesian,years,Kolipakam2018
posterior-111,STATE_66340000,posterior.trees,,sample,bayesian,years,Kolipakam2018
posterior-112,STATE_48210000,posterior.trees,,sample,bayesian,years,Kolipakam2018
posterior-113,STATE_58745000,posterior.trees,,sample,bayesian,years,Kolipakam2018
posterior-114,STATE_32475000,posterior.trees,,sample,bayesian,years,Kolipakam2018
posterior-115,STATE_73665000,posterior.trees,,sample,bayesian,years,Kolipakam2018
posterior-116,STATE_42650000,posterior.trees,,sample,bayesian,years,Kolipakam2018
posterior-117,STATE_58035000,posterior.trees,,sample,bayesian,years,Kolipakam2018
posterior-118,STATE_44540000,posterior.trees,,sample,bayesian,years,Kolipakam2018
posterior-119,STATE_95890000,posterior.trees,,sample,bayesian,years,Kolipakam2018
posterior-120,STATE_16805000,posterior.trees,,sample,bayesian,years,Kolipakam2018
posterior-121,STATE_88895000,posterior.trees,,sample,bayesian,years,Kolipakam2018
posterior-122,STATE_70950000,posterior.trees,,sample,bayesian,years,Kolipakam2018
posterior-123,STATE_82545000,posterior.trees,,sample,bayesian,years,Kolipakam2018
posterior-124,STATE_85065000,posterior.trees,,sample,bayesian,years,Kolipakam2018
posterior-125,STATE_30190000,posterior.trees,,sample,bayesian,years,Kolipakam2018
posterior-126,STATE_16810000,posterior.trees,,sample,bayesian,years,Kolipakam2018
posterior-127,STATE_23070000,posterior.trees,,sample,bayesian,years,Kolipakam2018
posterior-128,STATE_51085000,posterior.trees,,sample,bayesian,years,Kolipakam2018
posterior-129,STATE_69670000,posterior.trees,,sample,bayesian,years,Kolipakam2018
posterior-130,STATE_46945000,posterior.trees,,sample,bayesian,years,Kolipakam2018
posterior-131,STATE_25585000,posterior.trees,,sample,bayesian,years,Kolipakam2018
posterior-132,STATE_22570000,posterior.trees,,sample,bayesian,years,Kolipakam2018
posterior-133,STATE_64265000,posterior.trees,,sample,bayesian,years,Kolipakam2018
posterior-134,STATE_85250000,posterior.trees,,sample,bayesian,years,Kolipakam2018
posterior-135,STATE_61915000,posterior.trees,,sample,bayesian,years,Kolipakam2018
posterior-136,STATE_26380000,posterior.trees,,sample,bayesian,years,Kolipakam2018
posterior-137,STATE_87015000,posterior.trees,,sample,bayesian,years,Kolipakam2018
posterior-138,STATE_52860000,posterior.trees,,sample,bayesian,years,Kolipakam2018
posterior-139,STATE_75355000,posterior.trees,,sample,bayesian,years,Kolipakam2018
posterior-140,STATE_87025000,posterior.trees,,sample,bayesian,years,Kolipakam2018
posterior-141,STATE_42495000,posterior.trees,,sample,bayesian,years,Kolipakam2018
posterior-142,STATE_40030000,posterior.trees,,sample,bayesian,years,Kolipakam2018
posterior-143,STATE_93740000,posterior.trees,,sample,bayesian,years,Kolipakam2018
posterior-144,STATE_80670000,posterior.trees,,sample,bayesian,years,Kolipakam2018
posterior-145,STATE_67165000,posterior.trees,,sample,bayesian,years,Kolipakam2018
posterior-146,STATE_20875000,posterior.trees,,sample,bayesian,years,Kolipakam2018
posterior-147,STATE_48505000,posterior.trees,,sample,bayesian,years,Kolipakam2018
posterior-148,STATE_60215000,posterior.trees,,sample,bayesian,years,Kolipakam2018
posterior-149,STATE_63575000,posterior.trees,,sample,bayesian,years,Kolipakam2018
posterior-150,STATE_67160000,posterior.trees,,sample,bayesian,years,Kolipakam2018
posterior-151,STATE_70215000,posterior.trees,,sample,bayesian,years,Kolipakam2018
posterior-152,STATE_79350000,posterior.trees,,sample,bayesian,years,Kolipakam2018
posterior-153,STATE_38545000,posterior.trees,,sample,bayesian,years,Kolipakam2018
posterior-154,STATE_78570000,posterior.trees,,sample,bayesian,years,Kolipakam2018
posterior-155,STATE_84780000,posterior.trees,,sample,bayesian,years,Kolipakam2018
posterior-156,STATE_66085000,posterior.trees,,sample,bayesian,years,Kolipakam2018
posterior-157,STATE_63425000,posterior.trees,,sample,bayesian,years,Kolipakam2018
posterior-158,STATE_66595000,posterior.trees,,sample,bayesian,years,Kolipakam2018
posterior-159,STATE_60880000,posterior.trees,,sample,bayesian,years,Kolipakam2018
posterior-160,STATE_84860000,posterior.trees,,sample,bayesian,years,Kolipakam2018
posterior-161,STATE_93055000,posterior.trees,,sample,bayesian,years,Kolipakam2018
posterior-162,STATE_69575000,posterior.trees,,sample,bayesian,years,Kolipakam2018
posterior-163,STATE_41915000,posterior.trees,,sample,bayesian,years,Kolipakam2018
posterior-164,STATE_60405000,posterior.trees,,sample,bayesian,years,Kolipakam2018
posterior-165,STATE_59185000,posterior.trees,,sample,bayesian,years,Kolipakam2018
posterior-166,STATE_97280000,posterior.trees,,sample,bayesian,years,Kolipakam2018
posterior-167,STATE_72640000,posterior.trees,,sample,bayesian,years,Kolipakam2018
posterior-168,STATE_59840000,posterior.trees,,sample,bayesian,years,Kolipakam2018
posterior-169,STATE_70785000,posterior.trees,,sample,bayesian,years,Kolipakam2018
posterior-170,STATE_65110000,posterior.trees,,sample,bayesian,years,Kolipakam2018
posterior-171,STATE_27635000,posterior.trees,,sample,bayesian,years,Kolipakam2018
posterior-172,STATE_42820000,posterior.trees,,sample,bayesian,years,Kolipakam2018
posterior-173,STATE_60360000,posterior.trees,,sample,bayesian,years,Kolipakam2018
posterior-174,STATE_53215000,posterior.trees,,sample,bayesian,years,Kolipakam2018
posterior-175,STATE_41750000,posterior.trees,,sample,bayesian,years,Kolipakam2018
posterior-176,STATE_45350000,posterior.trees,,sample,bayesian,years,Kolipakam2018
posterior-177,STATE_86055000,posterior.trees,,sample,bayesian,years,Kolipakam2018
posterior-178,STATE_22745000,posterior.trees,,sample,bayesian,years,Kolipakam2018
posterior-179,STATE_83035000,posterior.trees,,sample,bayesian,years,Kolipakam2018
posterior-180,STATE_36245000,posterior.trees,,sample,bayesian,years,Kolipakam2018
posterior-181,STATE_44200000,posterior.trees,,sample,bayesian,years,Kolipakam2018
posterior-182,STATE_51940000,posterior.trees,,sample,bayesian,years,Kolipakam2018
posterior-183,STATE_58400000,posterior.trees,,sample,bayesian,years,Kolipakam2018
posterior-184,STATE_84425000,posterior.trees,,sample,bayesian,years,Kolipakam2018
posterior-185,STATE_99960000,posterior.trees,,sample,bayesian,years,Kolipakam2018
posterior-186,STATE_62235000,posterior.trees,,sample,bayesian,years,Kolipakam2018
posterior-187,STATE_38245000,posterior.trees,,sample,bayesian,years,Kolipakam2018
posterior-188,STATE_87855000,posterior.trees,,sample,bayesian,years,Kolipakam2018
posterior-189,STATE_33190000,posterior.trees,,sample,bayesian,years,Kolipakam2018
posterior-190,STATE_22315000,posterior.trees,,sample,bayesian,years,Kolipakam2018
posterior-191,STATE_33635000,posterior.trees,,sample,bayesian,years,Kolipakam2018
posterior-192,STATE_60425000,posterior.trees,,sample,bayesian,years,Kolipakam2018
posterior-193,STATE_76585000,posterior.trees,,sample,bayesian,years,Kolipakam2018
posterior-194,STATE_83815000,posterior.trees,,sample,bayesian,years,Kolipakam2018
posterior-195,STATE_79220000,posterior.trees,,sample,bayesian,years,Kolipakam2018
posterior-196,STATE_81645000,posterior.trees,,sample,bayesian,years,Kolipakam2018
posterior-197,STATE_60865000,posterior.trees,,sample,bayesian,years,Kolipakam2018
posterior-198,STATE_79710000,posterior.trees,,sample,bayesian,years,Kolipakam2018
posterior-199,STATE_43825000,posterior.trees,,sample,bayesian,years,Kolipakam2018
posterior-200,STATE_41760000,posterior.trees,,sample,bayesian,years,Kolipakam2018
posterior-201,STATE_73230000,posterior.trees,,sample,bayesian,years,Kolipakam2018
posterior-202,STATE_46690000,posterior.trees,,sample,bayesian,years,Kolipakam2018
posterior-203,STATE_70230000,posterior.trees,,sample,bayesian,years,Kolipakam2018
posterior-204,STATE_34140000,posterior.trees,,sample,bayesian,years,Kolipakam2018
posterior-205,STATE_27825000,posterior.trees,,sample,bayesian,years,Kolipakam2018
posterior-206,STATE_76315000,posterior.trees,,sample,bayesian,years,Kolipakam2018
posterior-207,STATE_25155000,posterior.trees,,sample,bayesian,years,Kolipakam2018
posterior-208,STATE_96975000,posterior.trees,,sample,bayesian,years,Kolipakam2018
posterior-209,STATE_51000000,posterior.trees,,sample,bayesian,years,Kolipakam2018
posterior-210,STATE_97545000,posterior.trees,,sample,bayesian,years,Kolipakam2018
posterior-211,STATE_98530000,posterior.trees,,sample,bayesian,years,Kolipakam2018
posterior-212,STATE_89785000,posterior.trees,,sample,bayesian,years,Kolipakam2018
posterior-213,STATE_21035000,posterior.trees,,sample,bayesian,years,Kolipakam2018
posterior-214,STATE_37105000,posterior.trees,,sample,bayesian,years,Kolipakam2018
posterior-215,STATE_61945000,posterior.trees,,sample,bayesian,years,Kolipakam2018
posterior-216,STATE_72165000,posterior.trees,,sample,bayesian,years,Kolipakam2018
posterior-217,STATE_24575000,posterior.trees,,sample,bayesian,years,Kolipakam2018
posterior-218,STATE_66785000,posterior.trees,,sample,bayesian,years,Kolipakam2018
posterior-219,STATE_23975000,posterior.trees,,sample,bayesian,years,Kolipakam2018
posterior-220,STATE_92040000,posterior.trees,,sample,bayesian,years,Kolipakam2018
posterior-221,STATE_84070000,posterior.trees,,sample,bayesian,years,Kolipakam2018
posterior-222,STATE_65525000,posterior.trees,,sample,bayesian,years,Kolipakam2018
posterior-223,STATE_49470000,posterior.trees,,sample,bayesian,years,Kolipakam2018
posterior-224,STATE_72155000,posterior.trees,,sample,bayesian,years,Kolipakam2018
posterior-225,STATE_54785000,posterior.trees,,sample,bayesian,years,Kolipakam2018
posterior-226,STATE_97770000,posterior.trees,,sample,bayesian,years,Kolipakam2018
posterior-227,STATE_44180000,posterior.trees,,sample,bayesian,years,Kolipakam2018
posterior-228,STATE_16200000,posterior.trees,,sample,bayesian,years,Kolipakam2018
posterior-229,STATE_93855000,posterior.trees,,sample,bayesian,years,Kolipakam2018
posterior-230,STATE_54890000,posterior.trees,,sample,bayesian,years,Kolipakam2018
posterior-231,STATE_21805000,posterior.trees,,sample,bayesian,years,Kolipakam2018
posterior-232,STATE_31215000,posterior.trees,,sample,bayesian,years,Kolipakam2018
posterior-233,STATE_41035000,posterior.trees,,sample,bayesian,years,Kolipakam2018
posterior-234,STATE_88360000,posterior.trees,,sample,bayesian,years,Kolipakam2018
posterior-235,STATE_86960000,posterior.trees,,sample,bayesian,years,Kolipakam2018
posterior-236,STATE_90655000,posterior.trees,,sample,bayesian,years,Kolipakam2018
posterior-237,STATE_32350000,posterior.trees,,sample,bayesian,years,Kolipakam2018
posterior-238,STATE_37640000,posterior.trees,,sample,bayesian,years,Kolipakam2018
posterior-239,STATE_83120000,posterior.trees,,sample,bayesian,years,Kolipakam2018
posterior-240,STATE_93050000,posterior.trees,,sample,bayesian,years,Kolipakam2018
posterior-241,STATE_79435000,posterior.trees,,sample,bayesian,years,Kolipakam2018
posterior-242,STATE_95400000,posterior.trees,,sample,bayesian,years,Kolipakam2018
posterior-243,STATE_97785000,posterior.trees,,sample,bayesian,years,Kolipakam2018
posterior-244,STATE_47530000,posterior.trees,,sample,bayesian,years,Kolipakam2018
posterior-245,STATE_34075000,posterior.trees,,sample,bayesian,years,Kolipakam2018
posterior-246,STATE_89795000,posterior.trees,,sample,bayesian,years,Kolipakam2018
posterior-247,STATE_26280000,posterior.trees,,sample,bayesian,years,Kolipakam2018
posterior-248,STATE_55245000,posterior.trees,,sample,bayesian,years,Kolipakam2018
posterior-249,STATE_44460000,posterior.trees,,sample,bayesian,years,Kolipakam2018
posterior-250,STATE_95105000,posterior.trees,,sample,bayesian,years,Kolipakam2018
posterior-251,STATE_65400000,posterior.trees,,sample,bayesian,years,Kolipakam2018
posterior-252,STATE_61065000,posterior.trees,,sample,bayesian,years,Kolipakam2018
posterior-253,STATE_16475000,posterior.trees,,sample,bayesian,years,Kolipakam2018
posterior-254,STATE_84505000,posterior.trees,,sample,bayesian,years,Kolipakam2018
posterior-255,STATE_46610000,posterior.trees,,sample,bayesian,years,Kolipakam2018
posterior-256,STATE_43580000,posterior.trees,,sample,bayesian,years,Kolipakam2018
posterior-257,STATE_60590000,posterior.trees,,sample,bayesian,years,Kolipakam2018
posterior-258,STATE_36295000,posterior.trees,,sample,bayesian,years,Kolipakam2018
posterior-259,STATE_15415000,posterior.trees,,sample,bayesian,years,Kolipakam2018
posterior-260,STATE_53175000,posterior.trees,,sample,bayesian,years,Kolipakam2018
posterior-261,STATE_96690000,posterior.trees,,sample,bayesian,years,Kolipakam2018
posterior-262,STATE_45360000,posterior.trees,,sample,bayesian,years,Kolipakam2018
posterior-263,STATE_92515000,posterior.trees,,sample,bayesian,years,Kolipakam2018
posterior-264,STATE_61790000,posterior.trees,,sample,bayesian,years,Kolipakam2018
posterior-265,STATE_37845000,posterior.trees,,sample,bayesian,years,Kolipakam2018
posterior-266,STATE_15815000,posterior.trees,,sample,bayesian,years,Kolipakam2018
posterior-267,STATE_66885000,posterior.trees,,sample,bayesian,years,Kolipakam2018
posterior-268,STATE_24520000,posterior.trees,,sample,bayesian,years,Kolipakam2018
posterior-269,STATE_53270000,posterior.trees,,sample,bayesian,years,Kolipakam2018
posterior-270,STATE_43615000,posterior.trees,,sample,bayesian,years,Kolipakam2018
posterior-271,STATE_91505000,posterior.trees,,sample,bayesian,years,Kolipakam2018
posterior-272,STATE_82920000,posterior.trees,,sample,bayesian,years,Kolipakam2018
posterior-273,STATE_44665000,posterior.trees,,sample,bayesian,years,Kolipakam2018
posterior-274,STATE_66860000,posterior.trees,,sample,bayesian,years,Kolipakam2018
posterior-275,STATE_91235000,posterior.trees,,sample,bayesian,years,Kolipakam2018
posterior-276,STATE_72480000,posterior.trees,,sample,bayesian,years,Kolipakam2018
posterior-277,STATE_46035000,posterior.trees,,sample,bayesian,years,Kolipakam2018
posterior-278,STATE_21180000,posterior.trees,,sample,bayesian,years,Kolipakam2018
posterior-279,STATE_68245000,posterior.trees,,sample,bayesian,years,Kolipakam2018
posterior-280,STATE_92730000,posterior.trees,,sample,bayesian,years,Kolipakam2018
posterior-281,STATE_86515000,posterior.trees,,sample,bayesian,years,Kolipakam2018
posterior-282,STATE_20810000,posterior.trees,,sample,bayesian,years,Kolipakam2018
posterior-283,STATE_25395000,posterior.trees,,sample,bayesian,years,Kolipakam2018
posterior-284,STATE_94115000,posterior.trees,,sample,bayesian,years,Kolipakam2018
posterior-285,STATE_93840000,posterior.trees,,sample,bayesian,years,Kolipakam2018
posterior-286,STATE_32470000,posterior.trees,,sample,bayesian,years,Kolipakam2018
posterior-287,STATE_93175000,posterior.trees,,sample,bayesian,years,Kolipakam2018
posterior-288,STATE_80215000,posterior.trees,,sample,bayesian,years,Kolipakam2018
posterior-289,STATE_82465000,posterior.trees,,sample,bayesian,years,Kolipakam2018
posterior-290,STATE_64870000,posterior.trees,,sample,bayesian,years,Kolipakam2018
posterior-291,STATE_81975000,posterior.trees,,sample,bayesian,years,Kolipakam2018
posterior-292,STATE_82080000,posterior.trees,,sample,bayesian,years,Kolipakam2018
posterior-293,STATE_92095000,posterior.trees,,sample,bayesian,years,Kolipakam2018
posterior-294,STATE_90455000,posterior.trees,,sample,bayesian,years,Kolipakam2018
posterior-295,STATE_31955000,posterior.trees,,sample,bayesian,years,Kolipakam2018
posterior-296,STATE_52870000,posterior.trees,,sample,bayesian,years,Kolipakam2018
posterior-297,STATE_36380000,posterior.trees,,sample,bayesian,years,Kolipakam2018
posterior-298,STATE_38240000,posterior.trees,,sample,bayesian,years,Kolipakam2018
posterior-299,STATE_44020000,posterior.trees,,sample,bayesian,years,Kolipakam2018
posterior-300,STATE_88530000,posterior.trees,,sample,bayesian,years,Kolipakam2018
posterior-301,STATE_93495000,posterior.trees,,sample,bayesian,years,Kolipakam2018
posterior-302,STATE_58315000,posterior.trees,,sample,bayesian,years,Kolipakam2018
posterior-303,STATE_81340000,posterior.trees,,sample,bayesian,years,Kolipakam2018
posterior-304,STATE_78965000,posterior.trees,,sample,bayesian,years,Kolipakam2018
posterior-305,STATE_95995000,posterior.trees,,sample,bayesian,years,Kolipakam2018
posterior-306,STATE_26960000,posterior.trees,,sample,bayesian,years,Kolipakam2018
posterior-307,STATE_69765000,posterior.trees,,sample,bayesian,years,Kolipakam2018
posterior-308,STATE_27105000,posterior.trees,,sample,bayesian,years,Kolipakam2018
posterior-309,STATE_40540000,posterior.trees,,sample,bayesian,years,Kolipakam2018
posterior-310,STATE_16225000,posterior.trees,,sample,bayesian,years,Kolipakam2018
posterior-311,STATE_56690000,posterior.trees,,sample,bayesian,years,Kolipakam2018
posterior-312,STATE_53460000,posterior.trees,,sample,bayesian,years,Kolipakam2018
posterior-313,STATE_19700000,posterior.trees,,sample,bayesian,years,Kolipakam2018
posterior-314,STATE_98655000,posterior.trees,,sample,bayesian,years,Kolipakam2018
posterior-315,STATE_26925000,posterior.trees,,sample,bayesian,years,Kolipakam2018
posterior-316,STATE_75255000,posterior.trees,,sample,bayesian,years,Kolipakam2018
posterior-317,STATE_91340000,posterior.trees,,sample,bayesian,years,Kolipakam2018
posterior-318,STATE_98045000,posterior.trees,,sample,bayesian,years,Kolipakam2018
posterior-319,STATE_30455000,posterior.trees,,sample,bayesian,years,Kolipakam2018
posterior-320,STATE_18860000,posterior.trees,,sample,bayesian,years,Kolipakam2018
posterior-321,STATE_63285000,posterior.trees,,sample,bayesian,years,Kolipakam2018
posterior-322,STATE_53820000,posterior.trees,,sample,bayesian,years,Kolipakam2018
posterior-323,STATE_58960000,posterior.trees,,sample,bayesian,years,Kolipakam2018
posterior-324,STATE_32885000,posterior.trees,,sample,bayesian,years,Kolipakam2018
posterior-325,STATE_28305000,posterior.trees,,sample,bayesian,years,Kolipakam2018
posterior-326,STATE_70555000,posterior.trees,,sample,bayesian,years,Kolipakam2018
posterior-327,STATE_78095000,posterior.trees,,sample,bayesian,years,Kolipakam2018
posterior-328,STATE_33475000,posterior.trees,,sample,bayesian,years,Kolipakam2018
posterior-329,STATE_56125000,posterior.trees,,sample,bayesian,years,Kolipakam2018
posterior-330,STATE_80395000,posterior.trees,,sample,bayesian,years,Kolipakam2018
posterior-331,STATE_65925000,posterior.trees,,sample,bayesian,years,Kolipakam2018
posterior-332,STATE_42440000,posterior.trees,,sample,bayesian,years,Kolipakam2018
posterior-333,STATE_63890000,posterior.trees,,sample,bayesian,years,Kolipakam2018
posterior-334,STATE_16290000,posterior.trees,,sample,bayesian,years,Kolipakam2018
posterior-335,STATE_21600000,posterior.trees,,sample,bayesian,years,Kolipakam2018
posterior-336,STATE_98200000,posterior.trees,,sample,bayesian,years,Kolipakam2018
posterior-337,STATE_97880000,posterior.trees,,sample,bayesian,years,Kolipakam2018
posterior-338,STATE_95010000,posterior.trees,,sample,bayesian,years,Kolipakam2018
posterior-339,STATE_59845000,posterior.trees,,sample,bayesian,years,Kolipakam2018
posterior-340,STATE_51145000,posterior.trees,,sample,bayesian,years,Kolipakam2018
posterior-341,STATE_79140000,posterior.trees,,sample,bayesian,years,Kolipakam2018
posterior-342,STATE_98375000,posterior.trees,,sample,bayesian,years,Kolipakam2018
posterior-343,STATE_92505000,posterior.trees,,sample,bayesian,years,Kolipakam2018
posterior-344,STATE_24005000,posterior.trees,,sample,bayesian,years,Kolipakam2018
posterior-345,STATE_31815000,posterior.trees,,sample,bayesian,years,Kolipakam2018
posterior-346,STATE_42660000,posterior.trees,,sample,bayesian,years,Kolipakam2018
posterior-347,STATE_65170000,posterior.trees,,sample,bayesian,years,Kolipakam2018
posterior-348,STATE_76990000,posterior.trees,,sample,bayesian,years,Kolipakam2018
posterior-349,STATE_75500000,posterior.trees,,sample,bayesian,years,Kolipakam2018
posterior-350,STATE_59830000,posterior.trees,,sample,bayesian,years,Kolipakam2018
posterior-351,STATE_17650000,posterior.trees,,sample,bayesian,years,Kolipakam2018
posterior-352,STATE_21960000,posterior.trees,,sample,bayesian,years,Kolipakam2018
posterior-353,STATE_20880000,posterior.trees,,sample,bayesian,years,Kolipakam2018
posterior-354,STATE_50165000,posterior.trees,,sample,bayesian,years,Kolipakam2018
posterior-355,STATE_48350000,posterior.trees,,sample,bayesian,years,Kolipakam2018
posterior-356,STATE_61505000,posterior.trees,,sample,bayesian,years,Kolipakam2018
posterior-357,STATE_90410000,posterior.trees,,sample,bayesian,years,Kolipakam2018
posterior-358,STATE_42980000,posterior.trees,,sample,bayesian,years,Kolipakam2018
posterior-359,STATE_89515000,posterior.trees,,sample,bayesian,years,Kolipakam2018
posterior-360,STATE_77275000,posterior.trees,,sample,bayesian,years,Kolipakam2018
posterior-361,STATE_27525000,posterior.trees,,sample,bayesian,years,Kolipakam2018
posterior-362,STATE_92350000,posterior.trees,,sample,bayesian,years,Kolipakam2018
posterior-363,STATE_18150000,posterior.trees,,sample,bayesian,years,Kolipakam2018
posterior-364,STATE_87450000,posterior.trees,,sample,bayesian,years,Kolipakam2018
posterior-365,STATE_99730000,posterior.trees,,sample,bayesian,years,Kolipakam2018
posterior-366,STATE_72300000,posterior.trees,,sample,bayesian,years,Kolipakam2018
posterior-367,STATE_50845000,posterior.trees,,sample,bayesian,years,Kolipakam2018
posterior-368,STATE_79305000,posterior.trees,,sample,bayesian,years,Kolipakam2018
posterior-369,STATE_31380000,posterior.trees,,sample,bayesian,years,Kolipakam2018
posterior-370,STATE_23080000,posterior.trees,,sample,bayesian,years,Kolipakam2018
posterior-371,STATE_33435000,posterior.trees,,sample,bayesian,years,Kolipakam2018
posterior-372,STATE_60375000,posterior.trees,,sample,bayesian,years,Kolipakam2018
posterior-373,STATE_31495000,posterior.trees,,sample,bayesian,years,Kolipakam2018
posterior-374,STATE_28120000,posterior.trees,,sample,bayesian,years,Kolipakam2018
posterior-375,STATE_89725000,posterior.trees,,sample,bayesian,years,Kolipakam2018
posterior-376,STATE_60410000,posterior.trees,,sample,bayesian,years,Kolipakam2018
posterior-377,STATE_41435000,posterior.trees,,sample,bayesian,years,Kolipakam2018
posterior-378,STATE_36890000,posterior.trees,,sample,bayesian,years,Kolipakam2018
posterior-379,STATE_82820000,posterior.trees,,sample,bayesian,years,Kolipakam2018
posterior-380,STATE_21240000,posterior.trees,,sample,bayesian,years,Kolipakam2018
posterior-381,STATE_96475000,posterior.trees,,sample,bayesian,years,Kolipakam2018
posterior-382,STATE_77170000,posterior.trees,,sample,bayesian,years,Kolipakam2018
posterior-383,STATE_21245000,posterior.trees,,sample,bayesian,years,Kolipakam2018
posterior-384,STATE_22690000,posterior.trees,,sample,bayesian,years,Kolipakam2018
posterior-385,STATE_47605000,posterior.trees,,sample,bayesian,years,Kolipakam2018
posterior-386,STATE_26570000,posterior.trees,,sample,bayesian,years,Kolipakam2018
posterior-387,STATE_36480000,posterior.trees,,sample,bayesian,years,Kolipakam2018
posterior-388,STATE_50725000,posterior.trees,,sample,bayesian,years,Kolipakam2018
posterior-389,STATE_74455000,posterior.trees,,sample,bayesian,years,Kolipakam2018
posterior-390,STATE_38565000,posterior.trees,,sample,bayesian,years,Kolipakam2018
posterior-391,STATE_44510000,posterior.trees,,sample,bayesian,years,Kolipakam2018
posterior-392,STATE_49365000,posterior.trees,,sample,bayesian,years,Kolipakam2018
posterior-393,STATE_22625000,posterior.trees,,sample,bayesian,years,Kolipakam2018
posterior-394,STATE_15460000,posterior.trees,,sample,bayesian,years,Kolipakam2018
posterior-395,STATE_65760000,posterior.trees,,sample,bayesian,years,Kolipakam2018
posterior-396,STATE_25285000,posterior.trees,,sample,bayesian,years,Kolipakam2018
posterior-397,STATE_63905000,posterior.trees,,sample,bayesian,years,Kolipakam2018
posterior-398,STATE_46575000,posterior.trees,,sample,bayesian,years,Kolipakam2018
posterior-399,STATE_85770000,posterior.trees,,sample,bayesian,years,Kolipakam2018
posterior-400,STATE_74925000,posterior.trees,,sample,bayesian,years,Kolipakam2018
posterior-401,STATE_60705000,posterior.trees,,sample,bayesian,years,Kolipakam2018
posterior-402,STATE_83725000,posterior.trees,,sample,bayesian,years,Kolipakam2018
posterior-403,STATE_21125000,posterior.trees,,sample,bayesian,years,Kolipakam2018
posterior-404,STATE_17290000,posterior.trees,,sample,bayesian,years,Kolipakam2018
posterior-405,STATE_73375000,posterior.trees,,sample,bayesian,years,Kolipakam2018
posterior-406,STATE_95645000,posterior.trees,,sample,bayesian,years,Kolipakam2018
posterior-407,STATE_98915000,posterior.trees,,sample,bayesian,years,Kolipakam2018
posterior-408,STATE_23650000,posterior.trees,,sample,bayesian,years,Kolipakam2018
posterior-409,STATE_98995000,posterior.trees,,sample,bayesian,years,Kolipakam2018
posterior-410,STATE_20115000,posterior.trees,,sample,bayesian,years,Kolipakam2018
posterior-411,STATE_98250000,posterior.trees,,sample,bayesian,years,Kolipakam2018
posterior-412,STATE_55045000,posterior.trees,,sample,bayesian,years,Kolipakam2018
posterior-413,STATE_79245000,posterior.trees,,sample,bayesian,years,Kolipakam2018
posterior-414,STATE_56710000,posterior.trees,,sample,bayesian,years,Kolipakam2018
posterior-415,STATE_37465000,posterior.trees,,sample,bayesian,years,Kolipakam2018
posterior-416,STATE_36970000,posterior.trees,,sample,bayesian,years,Kolipakam2018
posterior-417,STATE_80310000,posterior.trees,,sample,bayesian,years,Kolipakam2018
posterior-418,STATE_75055000,posterior.trees,,sample,bayesian,years,Kolipakam2018
posterior-419,STATE_45400000,posterior.trees,,sample,bayesian,years,Kolipakam2018
posterior-420,STATE_93345000,posterior.trees,,sample,bayesian,years,Kolipakam2018
posterior-421,STATE_52865000,posterior.trees,,sample,bayesian,years,Kolipakam2018
posterior-422,STATE_78665000,posterior.trees,,sample,bayesian,years,Kolipakam2018
posterior-423,STATE_37445000,posterior.trees,,sample,bayesian,years,Kolipakam2018
posterior-424,STATE_20170000,posterior.trees,,sample,bayesian,years,Kolipakam2018
posterior-425,STATE_65730000,posterior.trees,,sample,bayesian,years,Kolipakam2018
posterior-426,STATE_31040000,posterior.trees,,sample,bayesian,years,Kolipakam2018
posterior-427,STATE_34880000,posterior.trees,,sample,bayesian,years,Kolipakam2018
posterior-428,STATE_41220000,posterior.trees,,sample,bayesian,years,Kolipakam2018
posterior-429,STATE_78825000,posterior.trees,,sample,bayesian,years,Kolipakam2018
posterior-430,STATE_92070000,posterior.trees,,sample,bayesian,years,Kolipakam2018
posterior-431,STATE_84335000,posterior.trees,,sample,bayesian,years,Kolipakam2018
posterior-432,STATE_74100000,posterior.trees,,sample,bayesian,years,Kolipakam2018
posterior-433,STATE_43895000,posterior.trees,,sample,bayesian,years,Kolipakam2018
posterior-434,STATE_22335000,posterior.trees,,sample,bayesian,years,Kolipakam2018
posterior-435,STATE_98325000,posterior.trees,,sample,bayesian,years,Kolipakam2018
posterior-436,STATE_94140000,posterior.trees,,sample,bayesian,years,Kolipakam2018
posterior-437,STATE_57365000,posterior.trees,,sample,bayesian,years,Kolipakam2018
posterior-438,STATE_53335000,posterior.trees,,sample,bayesian,years,Kolipakam2018
posterior-439,STATE_99820000,posterior.trees,,sample,bayesian,years,Kolipakam2018
posterior-440,STATE_26085000,posterior.trees,,sample,bayesian,years,Kolipakam2018
posterior-441,STATE_20890000,posterior.trees,,sample,bayesian,years,Kolipakam2018
posterior-442,STATE_74280000,posterior.trees,,sample,bayesian,years,Kolipakam2018
posterior-443,STATE_47105000,posterior.trees,,sample,bayesian,years,Kolipakam2018
posterior-444,STATE_69440000,posterior.trees,,sample,bayesian,years,Kolipakam2018
posterior-445,STATE_88320000,posterior.trees,,sample,bayesian,years,Kolipakam2018
posterior-446,STATE_88980000,posterior.trees,,sample,bayesian,years,Kolipakam2018
posterior-447,STATE_68295000,posterior.trees,,sample,bayesian,years,Kolipakam2018
posterior-448,STATE_17235000,posterior.trees,,sample,bayesian,years,Kolipakam2018
posterior-449,STATE_96960000,posterior.trees,,sample,bayesian,years,Kolipakam2018
posterior-450,STATE_63150000,posterior.trees,,sample,bayesian,years,Kolipakam2018
posterior-451,STATE_78625000,posterior.trees,,sample,bayesian,years,Kolipakam2018
posterior-452,STATE_42330000,posterior.trees,,sample,bayesian,years,Kolipakam2018
posterior-453,STATE_75170000,posterior.trees,,sample,bayesian,years,Kolipakam2018
posterior-454,STATE_42565000,posterior.trees,,sample,bayesian,years,Kolipakam2018
posterior-455,STATE_62850000,posterior.trees,,sample,bayesian,years,Kolipakam2018
posterior-456,STATE_64825000,posterior.trees,,sample,bayesian,years,Kolipakam2018
posterior-457,STATE_76100000,posterior.trees,,sample,bayesian,years,Kolipakam2018
posterior-458,STATE_37290000,posterior.trees,,sample,bayesian,years,Kolipakam2018
posterior-459,STATE_28050000,posterior.trees,,sample,bayesian,years,Kolipakam2018
posterior-460,STATE_90905000,posterior.trees,,sample,bayesian,years,Kolipakam2018
posterior-461,STATE_45015000,posterior.trees,,sample,bayesian,years,Kolipakam2018
posterior-462,STATE_21305000,posterior.trees,,sample,bayesian,years,Kolipakam2018
posterior-463,STATE_43545000,posterior.trees,,sample,bayesian,years,Kolipakam2018
posterior-464,STATE_39035000,posterior.trees,,sample,bayesian,years,Kolipakam2018
posterior-465,STATE_91110000,posterior.trees,,sample,bayesian,years,Kolipakam2018
posterior-466,STATE_74160000,posterior.trees,,sample,bayesian,years,Kolipakam2018
posterior-467,STATE_50525000,posterior.trees,,sample,bayesian,years,Kolipakam2018
posterior-468,STATE_48640000,posterior.trees,,sample,bayesian,years,Kolipakam2018
posterior-469,STATE_93560000,posterior.trees,,sample,bayesian,years,Kolipakam2018
posterior-470,STATE_89115000,posterior.trees,,sample,bayesian,years,Kolipakam2018
posterior-471,STATE_20195000,posterior.trees,,sample,bayesian,years,Kolipakam2018
posterior-472,STATE_20255000,posterior.trees,,sample,bayesian,years,Kolipakam2018
posterior-473,STATE_54565000,posterior.trees,,sample,bayesian,years,Kolipakam2018
posterior-474,STATE_55875000,posterior.trees,,sample,bayesian,years,Kolipakam2018
posterior-475,STATE_37090000,posterior.trees,,sample,bayesian,years,Kolipakam2018
posterior-476,STATE_42910000,posterior.trees,,sample,bayesian,years,Kolipakam2018
posterior-477,STATE_52285000,posterior.trees,,sample,bayesian,years,Kolipakam2018
posterior-478,STATE_36595000,posterior.trees,,sample,bayesian,years,Kolipakam2018
posterior-479,STATE_76830000,posterior.trees,,sample,bayesian,years,Kolipakam2018
posterior-480,STATE_40405000,posterior.trees,,sample,bayesian,years,Kolipakam2018
posterior-481,STATE_26765000,posterior.trees,,sample,bayesian,years,Kolipakam2018
posterior-482,STATE_22255000,posterior.trees,,sample,bayesian,years,Kolipakam2018
posterior-483,STATE_46275000,posterior.trees,,sample,bayesian,years,Kolipakam2018
posterior-484,STATE_26260000,posterior.trees,,sample,bayesian,years,Kolipakam2018
posterior-485,STATE_85490000,posterior.trees,,sample,bayesian,years,Kolipakam2018
posterior-486,STATE_75425000,posterior.trees,,sample,bayesian,years,Kolipakam2018
posterior-487,STATE_23785000,posterior.trees,,sample,bayesian,years,Kolipakam2018
posterior-488,STATE_53065000,posterior.trees,,sample,bayesian,years,Kolipakam2018
posterior-489,STATE_89505000,posterior.trees,,sample,bayesian,years,Kolipakam2018
posterior-490,STATE_25140000,posterior.trees,,sample,bayesian,years,Kolipakam2018
posterior-491,STATE_19445000,posterior.trees,,sample,bayesian,years,Kolipakam2018
posterior-492,STATE_47085000,posterior.trees,,sample,bayesian,years,Kolipakam2018
posterior-493,STATE_72950000,posterior.trees,,sample,bayesian,years,Kolipakam2018
posterior-494,STATE_60140000,posterior.trees,,sample,bayesian,years,Kolipakam2018
posterior-495,STATE_68980000,posterior.trees,,sample,bayesian,years,Kolipakam2018
posterior-496,STATE_26725000,posterior.trees,,sample,bayesian,years,Kolipakam2018
posterior-497,STATE_41140000,posterior.trees,,sample,bayesian,years,Kolipakam2018
posterior-498,STATE_28675000,posterior.trees,,sample,bayesian,years,Kolipakam2018
posterior-499,STATE_84925000,posterior.trees,,sample,bayesian,years,Kolipakam2018
posterior-500,STATE_45070000,posterior.trees,,sample,bayesian,years,Kolipakam2018
posterior-501,STATE_44710000,posterior.trees,,sample,bayesian,years,Kolipakam2018
posterior-502,STATE_25345000,posterior.trees,,sample,bayesian,years,Kolipakam2018
posterior-503,STATE_86085000,posterior.trees,,sample,bayesian,years,Kolipakam2018
posterior-504,STATE_49515000,posterior.trees,,sample,bayesian,years,Kolipakam2018
posterior-505,STATE_66355000,posterior.trees,,sample,bayesian,years,Kolipakam2018
posterior-506,STATE_25230000,posterior.trees,,sample,bayesian,years,Kolipakam2018
posterior-507,STATE_50140000,posterior.trees,,sample,bayesian,years,Kolipakam2018
posterior-508,STATE_87880000,posterior.trees,,sample,bayesian,years,Kolipakam2018
posterior-509,STATE_60780000,posterior.trees,,sample,bayesian,years,Kolipakam2018
posterior-510,STATE_54665000,posterior.trees,,sample,bayesian,years,Kolipakam2018
posterior-511,STATE_69750000,posterior.trees,,sample,bayesian,years,Kolipakam2018
posterior-512,STATE_51365000,posterior.trees,,sample,bayesian,years,Kolipakam2018
posterior-513,STATE_32160000,posterior.trees,,sample,bayesian,years,Kolipakam2018
posterior-514,STATE_42405000,posterior.trees,,sample,bayesian,years,Kolipakam2018
posterior-515,STATE_51265000,posterior.trees,,sample,bayesian,years,Kolipakam2018
posterior-516,STATE_82935000,posterior.trees,,sample,bayesian,years,Kolipakam2018
posterior-517,STATE_80480000,posterior.trees,,sample,bayesian,years,Kolipakam2018
posterior-518,STATE_84795000,posterior.trees,,sample,bayesian,years,Kolipakam2018
posterior-519,STATE_97710000,posterior.trees,,sample,bayesian,years,Kolipakam2018
posterior-520,STATE_54755000,posterior.trees,,sample,bayesian,years,Kolipakam2018
posterior-521,STATE_50400000,posterior.trees,,sample,bayesian,years,Kolipakam2018
posterior-522,STATE_46205000,posterior.trees,,sample,bayesian,years,Kolipakam2018
posterior-523,STATE_96970000,posterior.trees,,sample,bayesian,years,Kolipakam2018
posterior-524,STATE_93045000,posterior.trees,,sample,bayesian,years,Kolipakam2018
posterior-525,STATE_49640000,posterior.trees,,sample,bayesian,years,Kolipakam2018
posterior-526,STATE_35335000,posterior.trees,,sample,bayesian,years,Kolipakam2018
posterior-527,STATE_33580000,posterior.trees,,sample,bayesian,years,Kolipakam2018
posterior-528,STATE_86045000,posterior.trees,,sample,bayesian,years,Kolipakam2018
posterior-529,STATE_33290000,posterior.trees,,sample,bayesian,years,Kolipakam2018
posterior-530,STATE_30740000,posterior.trees,,sample,bayesian,years,Kolipakam2018
posterior-531,STATE_67010000,posterior.trees,,sample,bayesian,years,Kolipakam2018
posterior-532,STATE_29160000,posterior.trees,,sample,bayesian,years,Kolipakam2018
posterior-533,STATE_52675000,posterior.trees,,sample,bayesian,years,Kolipakam2018
posterior-534,STATE_41615000,posterior.trees,,sample,bayesian,years,Kolipakam2018
posterior-535,STATE_84965000,posterior.trees,,sample,bayesian,years,Kolipakam2018
posterior-536,STATE_49440000,posterior.trees,,sample,bayesian,years,Kolipakam2018
posterior-537,STATE_43595000,posterior.trees,,sample,bayesian,years,Kolipakam2018
posterior-538,STATE_72030000,posterior.trees,,sample,bayesian,years,Kolipakam2018
posterior-539,STATE_15390000,posterior.trees,,sample,bayesian,years,Kolipakam2018
posterior-540,STATE_78070000,posterior.trees,,sample,bayesian,years,Kolipakam2018
posterior-541,STATE_75040000,posterior.trees,,sample,bayesian,years,Kolipakam2018
posterior-542,STATE_48410000,posterior.trees,,sample,bayesian,years,Kolipakam2018
posterior-543,STATE_26480000,posterior.trees,,sample,bayesian,years,Kolipakam2018
posterior-544,STATE_67410000,posterior.trees,,sample,bayesian,years,Kolipakam2018
posterior-545,STATE_28410000,posterior.trees,,sample,bayesian,years,Kolipakam2018
posterior-546,STATE_95830000,posterior.trees,,sample,bayesian,years,Kolipakam2018
posterior-547,STATE_32190000,posterior.trees,,sample,bayesian,years,Kolipakam2018
posterior-548,STATE_33310000,posterior.trees,,sample,bayesian,years,Kolipakam2018
posterior-549,STATE_23755000,posterior.trees,,sample,bayesian,years,Kolipakam2018
posterior-550,STATE_83535000,posterior.trees,,sample,bayesian,years,Kolipakam2018
posterior-551,STATE_27795000,posterior.trees,,sample,bayesian,years,Kolipakam2018
posterior-552,STATE_52150000,posterior.trees,,sample,bayesian,years,Kolipakam2018
posterior-553,STATE_73240000,posterior.trees,,sample,bayesian,years,Kolipakam2018
posterior-554,STATE_88900000,posterior.trees,,sample,bayesian,years,Kolipakam2018
posterior-555,STATE_90055000,posterior.trees,,sample,bayesian,years,Kolipakam2018
posterior-556,STATE_95755000,posterior.trees,,sample,bayesian,years,Kolipakam2018
posterior-557,STATE_15300000,posterior.trees,,sample,bayesian,years,Kolipakam2018
posterior-558,STATE_95315000,posterior.trees,,sample,bayesian,years,Kolipakam2018
posterior-559,STATE_87340000,posterior.trees,,sample,bayesian,years,Kolipakam2018
posterior-560,STATE_46860000,posterior.trees,,sample,bayesian,years,Kolipakam2018
posterior-561,STATE_79805000,posterior.trees,,sample,bayesian,years,Kolipakam2018
posterior-562,STATE_85340000,posterior.trees,,sample,bayesian,years,Kolipakam2018
posterior-563,STATE_72195000,posterior.trees,,sample,bayesian,years,Kolipakam2018
posterior-564,STATE_74065000,posterior.trees,,sample,bayesian,years,Kolipakam2018
posterior-565,STATE_50095000,posterior.trees,,sample,bayesian,years,Kolipakam2018
posterior-566,STATE_29690000,posterior.trees,,sample,bayesian,years,Kolipakam2018
posterior-567,STATE_18300000,posterior.trees,,sample,bayesian,years,Kolipakam2018
posterior-568,STATE_19065000,posterior.trees,,sample,bayesian,years,Kolipakam2018
posterior-569,STATE_70125000,posterior.trees,,sample,bayesian,years,Kolipakam2018
posterior-570,STATE_74985000,posterior.trees,,sample,bayesian,years,Kolipakam2018
posterior-571,STATE_96715000,posterior.trees,,sample,bayesian,years,Kolipakam2018
posterior-572,STATE_66180000,posterior.trees,,sample,bayesian,years,Kolipakam2018
posterior-573,STATE_58910000,posterior.trees,,sample,bayesian,years,Kolipakam2018
posterior-574,STATE_41885000,posterior.trees,,sample,bayesian,years,Kolipakam2018
posterior-575,STATE_43930000,posterior.trees,,sample,bayesian,years,Kolipakam2018
posterior-576,STATE_97405000,posterior.trees,,sample,bayesian,years,Kolipakam2018
posterior-577,STATE_83060000,posterior.trees,,sample,bayesian,years,Kolipakam2018
posterior-578,STATE_78480000,posterior.trees,,sample,bayesian,years,Kolipakam2018
posterior-579,STATE_83995000,posterior.trees,,sample,bayesian,years,Kolipakam2018
posterior-580,STATE_90225000,posterior.trees,,sample,bayesian,years,Kolipakam2018
posterior-581,STATE_23510000,posterior.trees,,sample,bayesian,years,Kolipakam2018
posterior-582,STATE_36475000,posterior.trees,,sample,bayesian,years,Kolipakam2018
posterior-583,STATE_51685000,posterior.trees,,sample,bayesian,years,Kolipakam2018
posterior-584,STATE_99645000,posterior.trees,,sample,bayesian,years,Kolipakam2018
posterior-585,STATE_84385000,posterior.trees,,sample,bayesian,years,Kolipakam2018
posterior-586,STATE_17215000,posterior.trees,,sample,bayesian,years,Kolipakam2018
posterior-587,STATE_51510000,posterior.trees,,sample,bayesian,years,Kolipakam2018
posterior-588,STATE_15005000,posterior.trees,,sample,bayesian,years,Kolipakam2018
posterior-589,STATE_88885000,posterior.trees,,sample,bayesian,years,Kolipakam2018
posterior-590,STATE_50635000,posterior.trees,,sample,bayesian,years,Kolipakam2018
posterior-591,STATE_86505000,posterior.trees,,sample,bayesian,years,Kolipakam2018
posterior-592,STATE_53890000,posterior.trees,,sample,bayesian,years,Kolipakam2018
posterior-593,STATE_16975000,posterior.trees,,sample,bayesian,years,Kolipakam2018
posterior-594,STATE_44905000,posterior.trees,,sample,bayesian,years,Kolipakam2018
posterior-595,STATE_82075000,posterior.trees,,sample,bayesian,years,Kolipakam2018
posterior-596,STATE_69390000,posterior.trees,,sample,bayesian,years,Kolipakam2018
posterior-597,STATE_23615000,posterior.trees,,sample,bayesian,years,Kolipakam2018
posterior-598,STATE_22500000,posterior.trees,,sample,bayesian,years,Kolipakam2018
posterior-599,STATE_81580000,posterior.trees,,sample,bayesian,years,Kolipakam2018
posterior-600,STATE_50040000,posterior.trees,,sample,bayesian,years,Kolipakam2018
posterior-601,STATE_87090000,posterior.trees,,sample,bayesian,years,Kolipakam2018
posterior-602,STATE_23355000,posterior.trees,,sample,bayesian,years,Kolipakam2018
posterior-603,STATE_65440000,posterior.trees,,sample,bayesian,years,Kolipakam2018
posterior-604,STATE_59680000,posterior.trees,,sample,bayesian,years,Kolipakam2018
posterior-605,STATE_64260000,posterior.trees,,sample,bayesian,years,Kolipakam2018
posterior-606,STATE_83885000,posterior.trees,,sample,bayesian,years,Kolipakam2018
posterior-607,STATE_55255000,posterior.trees,,sample,bayesian,years,Kolipakam2018
posterior-608,STATE_96220000,posterior.trees,,sample,bayesian,years,Kolipakam2018
posterior-609,STATE_81300000,posterior.trees,,sample,bayesian,years,Kolipakam2018
posterior-610,STATE_48685000,posterior.trees,,sample,bayesian,years,Kolipakam2018
posterior-611,STATE_83665000,posterior.trees,,sample,bayesian,years,Kolipakam2018
posterior-612,STATE_89320000,posterior.trees,,sample,bayesian,years,Kolipakam2018
posterior-613,STATE_91815000,posterior.trees,,sample,bayesian,years,Kolipakam2018
posterior-614,STATE_44480000,posterior.trees,,sample,bayesian,years,Kolipakam2018
posterior-615,STATE_55215000,posterior.trees,,sample,bayesian,years,Kolipakam2018
posterior-616,STATE_78010000,posterior.trees,,sample,bayesian,years,Kolipakam2018
posterior-617,STATE_92750000,posterior.trees,,sample,bayesian,years,Kolipakam2018
posterior-618,STATE_97325000,posterior.trees,,sample,bayesian,years,Kolipakam2018
posterior-619,STATE_95295000,posterior.trees,,sample,bayesian,years,Kolipakam2018
posterior-620,STATE_50835000,posterior.trees,,sample,bayesian,years,Kolipakam2018
posterior-621,STATE_36230000,posterior.trees,,sample,bayesian,years,Kolipakam2018
posterior-622,STATE_44185000,posterior.trees,,sample,bayesian,years,Kolipakam2018
posterior-623,STATE_93340000,posterior.trees,,sample,bayesian,years,Kolipakam2018
posterior-624,STATE_79770000,posterior.trees,,sample,bayesian,years,Kolipakam2018
posterior-625,STATE_57765000,posterior.trees,,sample,bayesian,years,Kolipakam2018
posterior-626,STATE_57885000,posterior.trees,,sample,bayesian,years,Kolipakam2018
posterior-627,STATE_46490000,posterior.trees,,sample,bayesian,years,Kolipakam2018
posterior-628,STATE_99365000,posterior.trees,,sample,bayesian,years,Kolipakam2018
posterior-629,STATE_86225000,posterior.trees,,sample,bayesian,years,Kolipakam2018
posterior-630,STATE_20040000,posterior.trees,,sample,bayesian,years,Kolipakam2018
posterior-631,STATE_98470000,posterior.trees,,sample,bayesian,years,Kolipakam2018
posterior-632,STATE_34700000,posterior.trees,,sample,bayesian,years,Kolipakam2018
posterior-633,STATE_71820000,posterior.trees,,sample,bayesian,years,Kolipakam2018
posterior-634,STATE_64785000,posterior.trees,,sample,bayesian,years,Kolipakam2018
posterior-635,STATE_49205000,posterior.trees,,sample,bayesian,years,Kolipakam2018
posterior-636,STATE_56110000,posterior.trees,,sample,bayesian,years,Kolipakam2018
posterior-637,STATE_99705000,posterior.trees,,sample,bayesian,years,Kolipakam2018
posterior-638,STATE_83470000,posterior.trees,,sample,bayesian,years,Kolipakam2018
posterior-639,STATE_24075000,posterior.trees,,sample,bayesian,years,Kolipakam2018
posterior-640,STATE_78555000,posterior.trees,,sample,bayesian,years,Kolipakam2018
posterior-641,STATE_84485000,posterior.trees,,sample,bayesian,years,Kolipakam2018
posterior-642,STATE_20385000,posterior.trees,,sample,bayesian,years,Kolipakam2018
posterior-643,STATE_86015000,posterior.trees,,sample,bayesian,years,Kolipakam2018
posterior-644,STATE_64795000,posterior.trees,,sample,bayesian,years,Kolipakam2018
posterior-645,STATE_45810000,posterior.trees,,sample,bayesian,years,Kolipakam2018
posterior-646,STATE_94675000,posterior.trees,,sample,bayesian,years,Kolipakam2018
posterior-647,STATE_90495000,posterior.trees,,sample,bayesian,years,Kolipakam2018
posterior-648,STATE_23055000,posterior.trees,,sample,bayesian,years,Kolipakam2018
posterior-649,STATE_51970000,posterior.trees,,sample,bayesian,years,Kolipakam2018
posterior-650,STATE_84515000,posterior.trees,,sample,bayesian,years,Kolipakam2018
posterior-651,STATE_53915000,posterior.trees,,sample,bayesian,years,Kolipakam2018
posterior-652,STATE_21860000,posterior.trees,,sample,bayesian,years,Kolipakam2018
posterior-653,STATE_77090000,posterior.trees,,sample,bayesian,years,Kolipakam2018
posterior-654,STATE_76505000,posterior.trees,,sample,bayesian,years,Kolipakam2018
posterior-655,STATE_48515000,posterior.trees,,sample,bayesian,years,Kolipakam2018
posterior-656,STATE_16015000,posterior.trees,,sample,bayesian,years,Kolipakam2018
posterior-657,STATE_19980000,posterior.trees,,sample,bayesian,years,Kolipakam2018
posterior-658,STATE_46920000,posterior.trees,,sample,bayesian,years,Kolipakam2018
posterior-659,STATE_60455000,posterior.trees,,sample,bayesian,years,Kolipakam2018
posterior-660,STATE_78595000,posterior.trees,,sample,bayesian,years,Kolipakam2018
posterior-661,STATE_55915000,posterior.trees,,sample,bayesian,years,Kolipakam2018
posterior-662,STATE_27740000,posterior.trees,,sample,bayesian,years,Kolipakam2018
posterior-663,STATE_52855000,posterior.trees,,sample,bayesian,years,Kolipakam2018
posterior-664,STATE_74430000,posterior.trees,,sample,bayesian,years,Kolipakam2018
posterior-665,STATE_87385000,posterior.trees,,sample,bayesian,years,Kolipakam2018
posterior-666,STATE_90010000,posterior.trees,,sample,bayesian,years,Kolipakam2018
posterior-667,STATE_24085000,posterior.trees,,sample,bayesian,years,Kolipakam2018
posterior-668,STATE_92920000,posterior.trees,,sample,bayesian,years,Kolipakam2018
posterior-669,STATE_67330000,posterior.trees,,sample,bayesian,years,Kolipakam2018
posterior-670,STATE_99685000,posterior.trees,,sample,bayesian,years,Kolipakam2018
posterior-671,STATE_97180000,posterior.trees,,sample,bayesian,years,Kolipakam2018
posterior-672,STATE_56315000,posterior.trees,,sample,bayesian,years,Kolipakam2018
posterior-673,STATE_47180000,posterior.trees,,sample,bayesian,years,Kolipakam2018
posterior-674,STATE_50150000,posterior.trees,,sample,bayesian,years,Kolipakam2018
posterior-675,STATE_41725000,posterior.trees,,sample,bayesian,years,Kolipakam2018
posterior-676,STATE_23435000,posterior.trees,,sample,bayesian,years,Kolipakam2018
posterior-677,STATE_91950000,posterior.trees,,sample,bayesian,years,Kolipakam2018
posterior-678,STATE_70945000,posterior.trees,,sample,bayesian,years,Kolipakam2018
posterior-679,STATE_97925000,posterior.trees,,sample,bayesian,years,Kolipakam2018
posterior-680,STATE_88660000,posterior.trees,,sample,bayesian,years,Kolipakam2018
posterior-681,STATE_52480000,posterior.trees,,sample,bayesian,years,Kolipakam2018
posterior-682,STATE_26145000,posterior.trees,,sample,bayesian,years,Kolipakam2018
posterior-683,STATE_68065000,posterior.trees,,sample,bayesian,years,Kolipakam2018
posterior-684,STATE_40325000,posterior.trees,,sample,bayesian,years,Kolipakam2018
posterior-685,STATE_61775000,posterior.trees,,sample,bayesian,years,Kolipakam2018
posterior-686,STATE_75065000,posterior.trees,,sample,bayesian,years,Kolipakam2018
posterior-687,STATE_42490000,posterior.trees,,sample,bayesian,years,Kolipakam2018
posterior-688,STATE_52630000,posterior.trees,,sample,bayesian,years,Kolipakam2018
posterior-689,STATE_83210000,posterior.trees,,sample,bayesian,years,Kolipakam2018
posterior-690,STATE_99320000,posterior.trees,,sample,bayesian,years,Kolipakam2018
posterior-691,STATE_74250000,posterior.trees,,sample,bayesian,years,Kolipakam2018
posterior-692,STATE_35365000,posterior.trees,,sample,bayesian,years,Kolipakam2018
posterior-693,STATE_24115000,posterior.trees,,sample,bayesian,years,Kolipakam2018
posterior-694,STATE_99710000,posterior.trees,,sample,bayesian,years,Kolipakam2018
posterior-695,STATE_49200000,posterior.trees,,sample,bayesian,years,Kolipakam2018
posterior-696,STATE_93120000,posterior.trees,,sample,bayesian,years,Kolipakam2018
posterior-697,STATE_28355000,posterior.trees,,sample,bayesian,years,Kolipakam2018
posterior-698,STATE_17450000,posterior.trees,,sample,bayesian,years,Kolipakam2018
posterior-699,STATE_90890000,posterior.trees,,sample,bayesian,years,Kolipakam2018
posterior-700,STATE_28070000,posterior.trees,,sample,bayesian,years,Kolipakam2018
posterior-701,STATE_62795000,posterior.trees,,sample,bayesian,years,Kolipakam2018
posterior-702,STATE_74670000,posterior.trees,,sample,bayesian,years,Kolipakam2018
posterior-703,STATE_40875000,posterior.trees,,sample,bayesian,years,Kolipakam2018
posterior-704,STATE_53410000,posterior.trees,,sample,bayesian,years,Kolipakam2018
posterior-705,STATE_79080000,posterior.trees,,sample,bayesian,years,Kolipakam2018
posterior-706,STATE_84365000,posterior.trees,,sample,bayesian,years,Kolipakam2018
posterior-707,STATE_63245000,posterior.trees,,sample,bayesian,years,Kolipakam2018
posterior-708,STATE_16675000,posterior.trees,,sample,bayesian,years,Kolipakam2018
posterior-709,STATE_33170000,posterior.trees,,sample,bayesian,years,Kolipakam2018
posterior-710,STATE_99640000,posterior.trees,,sample,bayesian,years,Kolipakam2018
posterior-711,STATE_72635000,posterior.trees,,sample,bayesian,years,Kolipakam2018
posterior-712,STATE_70185000,posterior.trees,,sample,bayesian,years,Kolipakam2018
posterior-713,STATE_33060000,posterior.trees,,sample,bayesian,years,Kolipakam2018
posterior-714,STATE_33545000,posterior.trees,,sample,bayesian,years,Kolipakam2018
posterior-715,STATE_93610000,posterior.trees,,sample,bayesian,years,Kolipakam2018
posterior-716,STATE_65285000,posterior.trees,,sample,bayesian,years,Kolipakam2018
posterior-717,STATE_25620000,posterior.trees,,sample,bayesian,years,Kolipakam2018
posterior-718,STATE_66200000,posterior.trees,,sample,bayesian,years,Kolipakam2018
posterior-719,STATE_68745000,posterior.trees,,sample,bayesian,years,Kolipakam2018
posterior-720,STATE_18540000,posterior.trees,,sample,bayesian,years,Kolipakam2018
posterior-721,STATE_60365000,posterior.trees,,sample,bayesian,years,Kolipakam2018
posterior-722,STATE_74480000,posterior.trees,,sample,bayesian,years,Kolipakam2018
posterior-723,STATE_83645000,posterior.trees,,sample,bayesian,years,Kolipakam2018
posterior-724,STATE_48975000,posterior.trees,,sample,bayesian,years,Kolipakam2018
posterior-725,STATE_43145000,posterior.trees,,sample,bayesian,years,Kolipakam2018
posterior-726,STATE_40985000,posterior.trees,,sample,bayesian,years,Kolipakam2018
posterior-727,STATE_38430000,posterior.trees,,sample,bayesian,years,Kolipakam2018
posterior-728,STATE_84180000,posterior.trees,,sample,bayesian,years,Kolipakam2018
posterior-729,STATE_54530000,posterior.trees,,sample,bayesian,years,Kolipakam2018
posterior-730,STATE_73235000,posterior.trees,,sample,bayesian,years,Kolipakam2018
posterior-731,STATE_64605000,posterior.trees,,sample,bayesian,years,Kolipakam2018
posterior-732,STATE_20345000,posterior.trees,,sample,bayesian,years,Kolipakam2018
posterior-733,STATE_51200000,posterior.trees,,sample,bayesian,years,Kolipakam2018
posterior-734,STATE_95220000,posterior.trees,,sample,bayesian,years,Kolipakam2018
posterior-735,STATE_90580000,posterior.trees,,sample,bayesian,years,Kolipakam2018
posterior-736,STATE_51740000,posterior.trees,,sample,bayesian,years,Kolipakam2018
posterior-737,STATE_48560000,posterior.trees,,sample,bayesian,years,Kolipakam2018
posterior-738,STATE_35200000,posterior.trees,,sample,bayesian,years,Kolipakam2018
posterior-739,STATE_55455000,posterior.trees,,sample,bayesian,years,Kolipakam2018
posterior-740,STATE_64055000,posterior.trees,,sample,bayesian,years,Kolipakam2018
posterior-741,STATE_34640000,posterior.trees,,sample,bayesian,years,Kolipakam2018
posterior-742,STATE_34315000,posterior.trees,,sample,bayesian,years,Kolipakam2018
posterior-743,STATE_22110000,posterior.trees,,sample,bayesian,years,Kolipakam2018
posterior-744,STATE_39570000,posterior.trees,,sample,bayesian,years,Kolipakam2018
posterior-745,STATE_27495000,posterior.trees,,sample,bayesian,years,Kolipakam2018
posterior-746,STATE_44870000,posterior.trees,,sample,bayesian,years,Kolipakam2018
posterior-747,STATE_18480000,posterior.trees,,sample,bayesian,years,Kolipakam2018
posterior-748,STATE_93575000,posterior.trees,,sample,bayesian,years,Kolipakam2018
posterior-749,STATE_56945000,posterior.trees,,sample,bayesian,years,Kolipakam2018
posterior-750,STATE_96445000,posterior.trees,,sample,bayesian,years,Kolipakam2018
posterior-751,STATE_85550000,posterior.trees,,sample,bayesian,years,Kolipakam2018
posterior-752,STATE_60295000,posterior.trees,,sample,bayesian,years,Kolipakam2018
posterior-753,STATE_87125000,posterior.trees,,sample,bayesian,years,Kolipakam2018
posterior-754,STATE_90850000,posterior.trees,,sample,bayesian,years,Kolipakam2018
posterior-755,STATE_44395000,posterior.trees,,sample,bayesian,years,Kolipakam2018
posterior-756,STATE_89300000,posterior.trees,,sample,bayesian,years,Kolipakam2018
posterior-757,STATE_88650000,posterior.trees,,sample,bayesian,years,Kolipakam2018
posterior-758,STATE_52175000,posterior.trees,,sample,bayesian,years,Kolipakam2018
posterior-759,STATE_23060000,posterior.trees,,sample,bayesian,years,Kolipakam2018
posterior-760,STATE_41090000,posterior.trees,,sample,bayesian,years,Kolipakam2018
posterior-761,STATE_58010000,posterior.trees,,sample,bayesian,years,Kolipakam2018
posterior-762,STATE_80540000,posterior.trees,,sample,bayesian,years,Kolipakam2018
posterior-763,STATE_75705000,posterior.trees,,sample,bayesian,years,Kolipakam2018
posterior-764,STATE_44445000,posterior.trees,,sample,bayesian,years,Kolipakam2018
posterior-765,STATE_32500000,posterior.trees,,sample,bayesian,years,Kolipakam2018
posterior-766,STATE_53520000,posterior.trees,,sample,bayesian,years,Kolipakam2018
posterior-767,STATE_96415000,posterior.trees,,sample,bayesian,years,Kolipakam2018
posterior-768,STATE_72280000,posterior.trees,,sample,bayesian,years,Kolipakam2018
posterior-769,STATE_19235000,posterior.trees,,sample,bayesian,years,Kolipakam2018
posterior-770,STATE_25465000,posterior.trees,,sample,bayesian,years,Kolipakam2018
posterior-771,STATE_87565000,posterior.trees,,sample,bayesian,years,Kolipakam2018
posterior-772,STATE_97735000,posterior.trees,,sample,bayesian,years,Kolipakam2018
posterior-773,STATE_65300000,posterior.trees,,sample,bayesian,years,Kolipakam2018
posterior-774,STATE_53785000,posterior.trees,,sample,bayesian,years,Kolipakam2018
posterior-775,STATE_58515000,posterior.trees,,sample,bayesian,years,Kolipakam2018
posterior-776,STATE_35130000,posterior.trees,,sample,bayesian,years,Kolipakam2018
posterior-777,STATE_24070000,posterior.trees,,sample,bayesian,years,Kolipakam2018
posterior-778,STATE_48255000,posterior.trees,,sample,bayesian,years,Kolipakam2018
posterior-779,STATE_61255000,posterior.trees,,sample,bayesian,years,Kolipakam2018
posterior-780,STATE_39580000,posterior.trees,,sample,bayesian,years,Kolipakam2018
posterior-781,STATE_59245000,posterior.trees,,sample,bayesian,years,Kolipakam2018
posterior-782,STATE_65815000,posterior.trees,,sample,bayesian,years,Kolipakam2018
posterior-783,STATE_81905000,posterior.trees,,sample,bayesian,years,Kolipakam2018
posterior-784,STATE_35375000,posterior.trees,,sample,bayesian,years,Kolipakam2018
posterior-785,STATE_19985000,posterior.trees,,sample,bayesian,years,Kolipakam2018
posterior-786,STATE_57805000,posterior.trees,,sample,bayesian,years,Kolipakam2018
posterior-787,STATE_86530000,posterior.trees,,sample,bayesian,years,Kolipakam2018
posterior-788,STATE_96710000,posterior.trees,,sample,bayesian,years,Kolipakam2018
posterior-789,STATE_88225000,posterior.trees,,sample,bayesian,years,Kolipakam2018
posterior-790,STATE_59595000,posterior.trees,,sample,bayesian,years,Kolipakam2018
posterior-791,STATE_53945000,posterior.trees,,sample,bayesian,years,Kolipakam2018
posterior-792,STATE_66255000,posterior.trees,,sample,bayesian,years,Kolipakam2018
posterior-793,STATE_78340000,posterior.trees,,sample,bayesian,years,Kolipakam2018
posterior-794,STATE_88845000,posterior.trees,,sample,bayesian,years,Kolipakam2018
posterior-795,STATE_93805000,posterior.trees,,sample,bayesian,years,Kolipakam2018
posterior-796,STATE_97620000,posterior.trees,,sample,bayesian,years,Kolipakam2018
posterior-797,STATE_18955000,posterior.trees,,sample,bayesian,years,Kolipakam2018
posterior-798,STATE_87625000,posterior.trees,,sample,bayesian,years,Kolipakam2018
posterior-799,STATE_41845000,posterior.trees,,sample,bayesian,years,Kolipakam2018
posterior-800,STATE_21905000,posterior.trees,,sample,bayesian,years,Kolipakam2018
posterior-801,STATE_33845000,posterior.trees,,sample,bayesian,years,Kolipakam2018
posterior-802,STATE_39400000,posterior.trees,,sample,bayesian,years,Kolipakam2018
posterior-803,STATE_40110000,posterior.trees,,sample,bayesian,years,Kolipakam2018
posterior-804,STATE_18295000,posterior.trees,,sample,bayesian,years,Kolipakam2018
posterior-805,STATE_37415000,posterior.trees,,sample,bayesian,years,Kolipakam2018
posterior-806,STATE_31200000,posterior.trees,,sample,bayesian,years,Kolipakam2018
posterior-807,STATE_31165000,posterior.trees,,sample,bayesian,years,Kolipakam2018
posterior-808,STATE_73600000,posterior.trees,,sample,bayesian,years,Kolipakam2018
posterior-809,STATE_86245000,posterior.trees,,sample,bayesian,years,Kolipakam2018
posterior-810,STATE_48345000,posterior.trees,,sample,bayesian,years,Kolipakam2018
posterior-811,STATE_29330000,posterior.trees,,sample,bayesian,years,Kolipakam2018
posterior-812,STATE_52825000,posterior.trees,,sample,bayesian,years,Kolipakam2018
posterior-813,STATE_65055000,posterior.trees,,sample,bayesian,years,Kolipakam2018
posterior-814,STATE_22870000,posterior.trees,,sample,bayesian,years,Kolipakam2018
posterior-815,STATE_32800000,posterior.trees,,sample,bayesian,years,Kolipakam2018
posterior-816,STATE_68945000,posterior.trees,,sample,bayesian,years,Kolipakam2018
posterior-817,STATE_47010000,posterior.trees,,sample,bayesian,years,Kolipakam2018
posterior-818,STATE_30715000,posterior.trees,,sample,bayesian,years,Kolipakam2018
posterior-819,STATE_85160000,posterior.trees,,sample,bayesian,years,Kolipakam2018
posterior-820,STATE_44970000,posterior.trees,,sample,bayesian,years,Kolipakam2018
posterior-821,STATE_26985000,posterior.trees,,sample,bayesian,years,Kolipakam2018
posterior-822,STATE_77410000,posterior.trees,,sample,bayesian,years,Kolipakam2018
posterior-823,STATE_96000000,posterior.trees,,sample,bayesian,years,Kolipakam2018
posterior-824,STATE_51015000,posterior.trees,,sample,bayesian,years,Kolipakam2018
posterior-825,STATE_59085000,posterior.trees,,sample,bayesian,years,Kolipakam2018
posterior-826,STATE_62085000,posterior.trees,,sample,bayesian,years,Kolipakam2018
posterior-827,STATE_83860000,posterior.trees,,sample,bayesian,years,Kolipakam2018
posterior-828,STATE_71455000,posterior.trees,,sample,bayesian,years,Kolipakam2018
posterior-829,STATE_41275000,posterior.trees,,sample,bayesian,years,Kolipakam2018
posterior-830,STATE_36930000,posterior.trees,,sample,bayesian,years,Kolipakam2018
posterior-831,STATE_21115000,posterior.trees,,sample,bayesian,years,Kolipakam2018
posterior-832,STATE_36955000,posterior.trees,,sample,bayesian,years,Kolipakam2018
posterior-833,STATE_95545000,posterior.trees,,sample,bayesian,years,Kolipakam2018
posterior-834,STATE_73210000,posterior.trees,,sample,bayesian,years,Kolipakam2018
posterior-835,STATE_37370000,posterior.trees,,sample,bayesian,years,Kolipakam2018
posterior-836,STATE_24155000,posterior.trees,,sample,bayesian,years,Kolipakam2018
posterior-837,STATE_86650000,posterior.trees,,sample,bayesian,years,Kolipakam2018
posterior-838,STATE_58200000,posterior.trees,,sample,bayesian,years,Kolipakam2018
posterior-839,STATE_92985000,posterior.trees,,sample,bayesian,years,Kolipakam2018
posterior-840,STATE_27095000,posterior.trees,,sample,bayesian,years,Kolipakam2018
posterior-841,STATE_72815000,posterior.trees,,sample,bayesian,years,Kolipakam2018
posterior-842,STATE_17475000,posterior.trees,,sample,bayesian,years,Kolipakam2018
posterior-843,STATE_26015000,posterior.trees,,sample,bayesian,years,Kolipakam2018
posterior-844,STATE_81505000,posterior.trees,,sample,bayesian,years,Kolipakam2018
posterior-845,STATE_73420000,posterior.trees,,sample,bayesian,years,Kolipakam2018
posterior-846,STATE_31900000,posterior.trees,,sample,bayesian,years,Kolipakam2018
posterior-847,STATE_43820000,posterior.trees,,sample,bayesian,years,Kolipakam2018
posterior-848,STATE_84635000,posterior.trees,,sample,bayesian,years,Kolipakam2018
posterior-849,STATE_94295000,posterior.trees,,sample,bayesian,years,Kolipakam2018
posterior-850,STATE_31305000,posterior.trees,,sample,bayesian,years,Kolipakam2018
posterior-851,STATE_16130000,posterior.trees,,sample,bayesian,years,Kolipakam2018
posterior-852,STATE_75085000,posterior.trees,,sample,bayesian,years,Kolipakam2018
posterior-853,STATE_71875000,posterior.trees,,sample,bayesian,years,Kolipakam2018
posterior-854,STATE_42355000,posterior.trees,,sample,bayesian,years,Kolipakam2018
posterior-855,STATE_62090000,posterior.trees,,sample,bayesian,years,Kolipakam2018
posterior-856,STATE_26400000,posterior.trees,,sample,bayesian,years,Kolipakam2018
posterior-857,STATE_41020000,posterior.trees,,sample,bayesian,years,Kolipakam2018
posterior-858,STATE_71045000,posterior.trees,,sample,bayesian,years,Kolipakam2018
posterior-859,STATE_30750000,posterior.trees,,sample,bayesian,years,Kolipakam2018
posterior-860,STATE_73315000,posterior.trees,,sample,bayesian,years,Kolipakam2018
posterior-861,STATE_58365000,posterior.trees,,sample,bayesian,years,Kolipakam2018
posterior-862,STATE_20865000,posterior.trees,,sample,bayesian,years,Kolipakam2018
posterior-863,STATE_37220000,posterior.trees,,sample,bayesian,years,Kolipakam2018
posterior-864,STATE_81675000,posterior.trees,,sample,bayesian,years,Kolipakam2018
posterior-865,STATE_33515000,posterior.trees,,sample,bayesian,years,Kolipakam2018
posterior-866,STATE_74570000,posterior.trees,,sample,bayesian,years,Kolipakam2018
posterior-867,STATE_58725000,posterior.trees,,sample,bayesian,years,Kolipakam2018
posterior-868,STATE_26650000,posterior.trees,,sample,bayesian,years,Kolipakam2018
posterior-869,STATE_69890000,posterior.trees,,sample,bayesian,years,Kolipakam2018
posterior-870,STATE_28465000,posterior.trees,,sample,bayesian,years,Kolipakam2018
posterior-871,STATE_42940000,posterior.trees,,sample,bayesian,years,Kolipakam2018
posterior-872,STATE_72880000,posterior.trees,,sample,bayesian,years,Kolipakam2018
posterior-873,STATE_65350000,posterior.trees,,sample,bayesian,years,Kolipakam2018
posterior-874,STATE_94840000,posterior.trees,,sample,bayesian,years,Kolipakam2018
posterior-875,STATE_53370000,posterior.trees,,sample,bayesian,years,Kolipakam2018
posterior-876,STATE_27285000,posterior.trees,,sample,bayesian,years,Kolipakam2018
posterior-877,STATE_16850000,posterior.trees,,sample,bayesian,years,Kolipakam2018
posterior-878,STATE_18995000,posterior.trees,,sample,bayesian,years,Kolipakam2018
posterior-879,STATE_55170000,posterior.trees,,sample,bayesian,years,Kolipakam2018
posterior-880,STATE_22480000,posterior.trees,,sample,bayesian,years,Kolipakam2018
posterior-881,STATE_57675000,posterior.trees,,sample,bayesian,years,Kolipakam2018
posterior-882,STATE_55460000,posterior.trees,,sample,bayesian,years,Kolipakam2018
posterior-883,STATE_47800000,posterior.trees,,sample,bayesian,years,Kolipakam2018
posterior-884,STATE_91580000,posterior.trees,,sample,bayesian,years,Kolipakam2018
posterior-885,STATE_45190000,posterior.trees,,sample,bayesian,years,Kolipakam2018
posterior-886,STATE_51270000,posterior.trees,,sample,bayesian,years,Kolipakam2018
posterior-887,STATE_17210000,posterior.trees,,sample,bayesian,years,Kolipakam2018
posterior-888,STATE_94125000,posterior.trees,,sample,bayesian,years,Kolipakam2018
posterior-889,STATE_78135000,posterior.trees,,sample,bayesian,years,Kolipakam2018
posterior-890,STATE_44035000,posterior.trees,,sample,bayesian,years,Kolipakam2018
posterior-891,STATE_61975000,posterior.trees,,sample,bayesian,years,Kolipakam2018
posterior-892,STATE_16400000,posterior.trees,,sample,bayesian,years,Kolipakam2018
posterior-893,STATE_69415000,posterior.trees,,sample,bayesian,years,Kolipakam2018
posterior-894,STATE_18090000,posterior.trees,,sample,bayesian,years,Kolipakam2018
posterior-895,STATE_91025000,posterior.trees,,sample,bayesian,years,Kolipakam2018
posterior-896,STATE_33250000,posterior.trees,,sample,bayesian,years,Kolipakam2018
posterior-897,STATE_73390000,posterior.trees,,sample,bayesian,years,Kolipakam2018
posterior-898,STATE_85405000,posterior.trees,,sample,bayesian,years,Kolipakam2018
posterior-899,STATE_23920000,posterior.trees,,sample,bayesian,years,Kolipakam2018
posterior-900,STATE_39900000,posterior.trees,,sample,bayesian,years,Kolipakam2018
posterior-901,STATE_41610000,posterior.trees,,sample,bayesian,years,Kolipakam2018
posterior-902,STATE_83925000,posterior.trees,,sample,bayesian,years,Kolipakam2018
posterior-903,STATE_43980000,posterior.trees,,sample,bayesian,years,Kolipakam2018
posterior-904,STATE_76360000,posterior.trees,,sample,bayesian,years,Kolipakam2018
posterior-905,STATE_69590000,posterior.trees,,sample,bayesian,years,Kolipakam2018
posterior-906,STATE_73575000,posterior.trees,,sample,bayesian,years,Kolipakam2018
posterior-907,STATE_81260000,posterior.trees,,sample,bayesian,years,Kolipakam2018
posterior-908,STATE_71170000,posterior.trees,,sample,bayesian,years,Kolipakam2018
posterior-909,STATE_27970000,posterior.trees,,sample,bayesian,years,Kolipakam2018
posterior-910,STATE_24795000,posterior.trees,,sample,bayesian,years,Kolipakam2018
posterior-911,STATE_91285000,posterior.trees,,sample,bayesian,years,Kolipakam2018
posterior-912,STATE_25565000,posterior.trees,,sample,bayesian,years,Kolipakam2018
posterior-913,STATE_77875000,posterior.trees,,sample,bayesian,years,Kolipakam2018
posterior-914,STATE_88065000,posterior.trees,,sample,bayesian,years,Kolipakam2018
posterior-915,STATE_66965000,posterior.trees,,sample,bayesian,years,Kolipakam2018
posterior-916,STATE_24275000,posterior.trees,,sample,bayesian,years,Kolipakam2018
posterior-917,STATE_85240000,posterior.trees,,sample,bayesian,years,Kolipakam2018
posterior-918,STATE_73070000,posterior.trees,,sample,bayesian,years,Kolipakam2018
posterior-919,STATE_21255000,posterior.trees,,sample,bayesian,years,Kolipakam2018
posterior-920,STATE_33780000,posterior.trees,,sample,bayesian,years,Kolipakam2018
posterior-921,STATE_42250000,posterior.trees,,sample,bayesian,years,Kolipakam2018
posterior-922,STATE_32380000,posterior.trees,,sample,bayesian,years,Kolipakam2018
posterior-923,STATE_16820000,posterior.trees,,sample,bayesian,years,Kolipakam2018
posterior-924,STATE_81565000,posterior.trees,,sample,bayesian,years,Kolipakam2018
posterior-925,STATE_90390000,posterior.trees,,sample,bayesian,years,Kolipakam2018
posterior-926,STATE_63875000,posterior.trees,,sample,bayesian,years,Kolipakam2018
posterior-927,STATE_22800000,posterior.trees,,sample,bayesian,years,Kolipakam2018
posterior-928,STATE_94765000,posterior.trees,,sample,bayesian,years,Kolipakam2018
posterior-929,STATE_92090000,posterior.trees,,sample,bayesian,years,Kolipakam2018
posterior-930,STATE_32995000,posterior.trees,,sample,bayesian,years,Kolipakam2018
posterior-931,STATE_83570000,posterior.trees,,sample,bayesian,years,Kolipakam2018
posterior-932,STATE_60475000,posterior.trees,,sample,bayesian,years,Kolipakam2018
posterior-933,STATE_66975000,posterior.trees,,sample,bayesian,years,Kolipakam2018
posterior-934,STATE_70580000,posterior.trees,,sample,bayesian,years,Kolipakam2018
posterior-935,STATE_40255000,posterior.trees,,sample,bayesian,years,Kolipakam2018
posterior-936,STATE_58970000,posterior.trees,,sample,bayesian,years,Kolipakam2018
posterior-937,STATE_84115000,posterior.trees,,sample,bayesian,years,Kolipakam2018
posterior-938,STATE_88060000,posterior.trees,,sample,bayesian,years,Kolipakam2018
posterior-939,STATE_73255000,posterior.trees,,sample,bayesian,years,Kolipakam2018
posterior-940,STATE_41285000,posterior.trees,,sample,bayesian,years,Kolipakam2018
posterior-941,STATE_54205000,posterior.trees,,sample,bayesian,years,Kolipakam2018
posterior-942,STATE_58105000,posterior.trees,,sample,bayesian,years,Kolipakam2018
posterior-943,STATE_99385000,posterior.trees,,sample,bayesian,years,Kolipakam2018
posterior-944,STATE_92600000,posterior.trees,,sample,bayesian,years,Kolipakam2018
posterior-945,STATE_29680000,posterior.trees,,sample,bayesian,years,Kolipakam2018
posterior-946,STATE_21315000,posterior.trees,,sample,bayesian,years,Kolipakam2018
posterior-947,STATE_21365000,posterior.trees,,sample,bayesian,years,Kolipakam2018
posterior-948,STATE_59365000,posterior.trees,,sample,bayesian,years,Kolipakam2018
posterior-949,STATE_48870000,posterior.trees,,sample,bayesian,years,Kolipakam2018
posterior-950,STATE_37175000,posterior.trees,,sample,bayesian,years,Kolipakam2018
posterior-951,STATE_70540000,posterior.trees,,sample,bayesian,years,Kolipakam2018
posterior-952,STATE_87150000,posterior.trees,,sample,bayesian,years,Kolipakam2018
posterior-953,STATE_96010000,posterior.trees,,sample,bayesian,years,Kolipakam2018
posterior-954,STATE_19940000,posterior.trees,,sample,bayesian,years,Kolipakam2018
posterior-955,STATE_67020000,posterior.trees,,sample,bayesian,years,Kolipakam2018
posterior-956,STATE_61620000,posterior.trees,,sample,bayesian,years,Kolipakam2018
posterior-957,STATE_43175000,posterior.trees,,sample,bayesian,years,Kolipakam2018
posterior-958,STATE_56260000,posterior.trees,,sample,bayesian,years,Kolipakam2018
posterior-959,STATE_22120000,posterior.trees,,sample,bayesian,years,Kolipakam2018
posterior-960,STATE_23790000,posterior.trees,,sample,bayesian,years,Kolipakam2018
posterior-961,STATE_38905000,posterior.trees,,sample,bayesian,years,Kolipakam2018
posterior-962,STATE_31195000,posterior.trees,,sample,bayesian,years,Kolipakam2018
posterior-963,STATE_52960000,posterior.trees,,sample,bayesian,years,Kolipakam2018
posterior-964,STATE_72645000,posterior.trees,,sample,bayesian,years,Kolipakam2018
posterior-965,STATE_75715000,posterior.trees,,sample,bayesian,years,Kolipakam2018
posterior-966,STATE_34695000,posterior.trees,,sample,bayesian,years,Kolipakam2018
posterior-967,STATE_15045000,posterior.trees,,sample,bayesian,years,Kolipakam2018
posterior-968,STATE_75470000,posterior.trees,,sample,bayesian,years,Kolipakam2018
posterior-969,STATE_30020000,posterior.trees,,sample,bayesian,years,Kolipakam2018
posterior-970,STATE_98050000,posterior.trees,,sample,bayesian,years,Kolipakam2018
posterior-971,STATE_20650000,posterior.trees,,sample,bayesian,years,Kolipakam2018
posterior-972,STATE_32835000,posterior.trees,,sample,bayesian,years,Kolipakam2018
posterior-973,STATE_66605000,posterior.trees,,sample,bayesian,years,Kolipakam2018
posterior-974,STATE_99635000,posterior.trees,,sample,bayesian,years,Kolipakam2018
posterior-975,STATE_48460000,posterior.trees,,sample,bayesian,years,Kolipakam2018
posterior-976,STATE_38845000,posterior.trees,,sample,bayesian,years,Kolipakam2018
posterior-977,STATE_70035000,posterior.trees,,sample,bayesian,years,Kolipakam2018
posterior-978,STATE_41175000,posterior.trees,,sample,bayesian,years,Kolipakam2018
posterior-979,STATE_31180000,posterior.trees,,sample,bayesian,years,Kolipakam2018
posterior-980,STATE_79360000,posterior.trees,,sample,bayesian,years,Kolipakam2018
posterior-981,STATE_37605000,posterior.trees,,sample,bayesian,years,Kolipakam2018
posterior-982,STATE_83980000,posterior.trees,,sample,bayesian,years,Kolipakam2018
posterior-983,STATE_68595000,posterior.trees,,sample,bayesian,years,Kolipakam2018
posterior-984,STATE_34820000,posterior.trees,,sample,bayesian,years,Kolipakam2018
posterior-985,STATE_33395000,posterior.trees,,sample,bayesian,years,Kolipakam2018
posterior-986,STATE_89220000,posterior.trees,,sample,bayesian,years,Kolipakam2018
posterior-987,STATE_38875000,posterior.trees,,sample,bayesian,years,Kolipakam2018
posterior-988,STATE_29280000,posterior.trees,,sample,bayesian,years,Kolipakam2018
posterior-989,STATE_72340000,posterior.trees,,sample,bayesian,years,Kolipakam2018
posterior-990,STATE_94945000,posterior.trees,,sample,bayesian,years,Kolipakam2018
posterior-991,STATE_19525000,posterior.trees,,sample,bayesian,years,Kolipakam2018
posterior-992,STATE_78535000,posterior.trees,,sample,bayesian,years,Kolipakam2018
posterior-993,STATE_40520000,posterior.trees,,sample,bayesian,years,Kolipakam2018
posterior-994,STATE_96235000,posterior.trees,,sample,bayesian,years,Kolipakam2018
posterior-995,STATE_68590000,posterior.trees,,sample,bayesian,years,Kolipakam2018
posterior-996,STATE_90120000,posterior.trees,,sample,bayesian,years,Kolipakam2018
posterior-997,STATE_70915000,posterior.trees,,sample,bayesian,years,Kolipakam2018
posterior-998,STATE_36760000,posterior.trees,,sample,bayesian,years,Kolipakam2018
posterior-999,STATE_70790000,posterior.trees,,sample,bayesian,years,Kolipakam2018
posterior-1000,STATE_57665000,posterior.trees,,sample,bayesian,years,Kolipakam2018
